period_end,lender_entity_id,borrower_entity_id,outstanding_eom
2022-04-30,002-9,002-2,2490072647.909856
2022-05-31,002-9,002-2,2291188075.3446097
2022-06-30,002-9,002-2,2211151676.160396
2022-07-31,002-9,002-2,2568452852.016354
2022-08-31,002-9,002-2,2625518795.476138
2022-09-30,002-9,002-2,2360202365.928991
2022-10-31,002-9,002-2,2427232212.786516
2022-11-30,002-9,002-2,2391865395.1154037
2022-12-31,002-9,002-2,2388588829.9311776
2023-01-31,002-9,002-2,2592663669.0998588
2023-02-28,002-9,002-2,2487285315.1283784
2023-03-31,002-9,002-2,2432227070.4571624
2023-04-30,002-9,002-2,2787351705.0165997
2023-05-31,002-9,002-2,2283956872.372926
2023-06-30,002-9,002-2,2527825416.7133083
2023-07-31,002-9,002-2,2331374424.068236
2023-08-31,002-9,002-2,2441052777.0329437
2023-09-30,002-9,002-2,2478706473.782468
2023-10-31,002-9,002-2,2564323869.81944
2023-11-30,002-9,002-2,2428289956.258687
2023-12-31,002-9,002-2,2415278487.8816
2024-01-31,002-9,002-2,2426087485.626707
2024-02-29,002-9,002-2,2327563920.9893208
2024-03-31,002-9,002-2,2538208235.2010007
2024-04-30,002-9,002-2,2495030872.1888676
2024-05-31,002-9,002-2,2513955728.0200853
2024-06-30,002-9,002-2,2451865572.373356
2024-07-31,002-9,002-2,2436692777.4970403
2024-08-31,002-9,002-2,2605044402.656929
2024-09-30,002-9,002-2,2586122060.4481306
2024-10-31,002-9,002-2,2634471066.2269106
2024-11-30,002-9,002-2,2506257770.0405555
2024-12-31,002-9,002-2,2626826970.3395305
2025-01-31,002-9,002-2,2409233905.372927
2025-02-28,002-9,002-2,2435711829.088884
2025-03-31,002-9,002-2,2607443364.0704894
2025-04-30,002-9,002-2,2564179420.8040915
2025-05-31,002-9,002-2,2424689313.466951
2025-06-30,002-9,002-2,2331709047.3472195
2025-07-31,002-9,002-2,2435328935.8349752
2025-08-31,002-9,002-2,2376167596.1928005
2025-09-30,002-9,002-2,2672571039.007731
2025-10-31,002-9,002-2,2553921816.3129416
2025-11-30,002-9,002-2,2366196231.971139
2025-12-31,002-9,002-2,2331864948.8809023
2026-01-31,002-9,002-2,2364671915.598497
2026-02-28,002-9,002-2,2391673562.244784
2026-03-31,002-9,002-2,2439913168.9351225
2022-04-30,003-1,003-3-1,1136808861.1172802
2022-05-31,003-1,003-3-1,1024764243.2282844
2022-06-30,003-1,003-3-1,1200070456.691494
2022-07-31,003-1,003-3-1,1026014229.7529856
2022-08-31,003-1,003-3-1,1000938347.6470941
2022-09-30,003-1,003-3-1,1167700055.4422884
2022-10-31,003-1,003-3-1,1147938095.9713845
2022-11-30,003-1,003-3-1,1066983915.7081646
2022-12-31,003-1,003-3-1,1097332551.6234143
2023-01-31,003-1,003-3-1,1098691303.155221
2023-02-28,003-1,003-3-1,1084162197.4998488
2023-03-31,003-1,003-3-1,1006999028.0841724
2023-04-30,003-1,003-3-1,943172279.105744
2023-05-31,003-1,003-3-1,1031321464.681579
2023-06-30,003-1,003-3-1,1174583487.3157465
2023-07-31,003-1,003-3-1,1176697199.914398
2023-08-31,003-1,003-3-1,1062704266.4938892
2023-09-30,003-1,003-3-1,1025224719.5977668
2023-10-31,003-1,003-3-1,1091775658.044786
2023-11-30,003-1,003-3-1,1100436371.9226165
2023-12-31,003-1,003-3-1,1109144376.1313846
2024-01-31,003-1,003-3-1,940746164.3553208
2024-02-29,003-1,003-3-1,1246815433.3665555
2024-03-31,003-1,003-3-1,1137774115.6005383
2024-04-30,003-1,003-3-1,1066148591.9369944
2024-05-31,003-1,003-3-1,1038118696.7634337
2024-06-30,003-1,003-3-1,1129958206.5052195
2024-07-31,003-1,003-3-1,1103473674.915507
2024-08-31,003-1,003-3-1,1081762817.5503392
2024-09-30,003-1,003-3-1,1101478362.5719798
2024-10-31,003-1,003-3-1,1070732757.0215899
2024-11-30,003-1,003-3-1,1098437885.7949176
2024-12-31,003-1,003-3-1,1115909023.0932527
2025-01-31,003-1,003-3-1,1095285797.2564635
2025-02-28,003-1,003-3-1,1092464847.597524
2025-03-31,003-1,003-3-1,1151793289.7389202
2025-04-30,003-1,003-3-1,990813215.2339878
2025-05-31,003-1,003-3-1,1033843544.1831379
2025-06-30,003-1,003-3-1,1078231618.9153624
2025-07-31,003-1,003-3-1,1037505460.8011837
2025-08-31,003-1,003-3-1,1055479166.1381009
2025-09-30,003-1,003-3-1,1146133709.4035
2025-10-31,003-1,003-3-1,1068780980.3941337
2025-11-30,003-1,003-3-1,978316722.3652325
2025-12-31,003-1,003-3-1,1054008837.1194383
2026-01-31,003-1,003-3-1,1079930407.3851004
2026-02-28,003-1,003-3-1,1078938477.052989
2026-03-31,003-1,003-3-1,1106738689.5036397
2022-04-30,006-6,003-3-1,1146718817.1977034
2022-05-31,006-6,003-3-1,1112374211.386099
2022-06-30,006-6,003-3-1,1053330365.6305447
2022-07-31,006-6,003-3-1,1095442414.8592494
2022-08-31,006-6,003-3-1,1085269367.9440749
2022-09-30,006-6,003-3-1,1104181566.4490054
2022-10-31,006-6,003-3-1,1158860115.5320525
2022-11-30,006-6,003-3-1,1142782285.5628104
2022-12-31,006-6,003-3-1,1166299990.5561416
2023-01-31,006-6,003-3-1,1098637980.0736887
2023-02-28,006-6,003-3-1,1204628989.5308154
2023-03-31,006-6,003-3-1,1157833497.2362983
2023-04-30,006-6,003-3-1,1126435491.9003913
2023-05-31,006-6,003-3-1,1153941429.7666965
2023-06-30,006-6,003-3-1,1082301875.812865
2023-07-31,006-6,003-3-1,1002043510.5428923
2023-08-31,006-6,003-3-1,1086169978.6549952
2023-09-30,006-6,003-3-1,1162012687.949249
2023-10-31,006-6,003-3-1,1124642208.5833392
2023-11-30,006-6,003-3-1,1112485757.3220623
2023-12-31,006-6,003-3-1,1072664128.6811324
2024-01-31,006-6,003-3-1,1010608643.6069047
2024-02-29,006-6,003-3-1,1199951516.9520783
2024-03-31,006-6,003-3-1,1108505851.0370338
2024-04-30,006-6,003-3-1,1096092172.69041
2024-05-31,006-6,003-3-1,1082532298.8305125
2024-06-30,006-6,003-3-1,1190412147.676898
2024-07-31,006-6,003-3-1,1169511744.7651532
2024-08-31,006-6,003-3-1,1065976870.0745097
2024-09-30,006-6,003-3-1,1185372622.327236
2024-10-31,006-6,003-3-1,1112024482.7643268
2024-11-30,006-6,003-3-1,1085954584.0460637
2024-12-31,006-6,003-3-1,1103705022.1325533
2025-01-31,006-6,003-3-1,1076279009.1079724
2025-02-28,006-6,003-3-1,1046170518.6857948
2025-03-31,006-6,003-3-1,1163618646.7657251
2025-04-30,006-6,003-3-1,1107788388.7102401
2025-05-31,006-6,003-3-1,1154717858.5586298
2025-06-30,006-6,003-3-1,1136235604.319539
2025-07-31,006-6,003-3-1,1150871913.5770717
2025-08-31,006-6,003-3-1,1005558954.7538627
2025-09-30,006-6,003-3-1,1071604457.2422323
2025-10-31,006-6,003-3-1,1152038193.311677
2025-11-30,006-6,003-3-1,1048749461.7896588
2025-12-31,006-6,003-3-1,1141043944.257564
2026-01-31,006-6,003-3-1,1042259657.9609263
2026-02-28,006-6,003-3-1,1121070496.7062125
2026-03-31,006-6,003-3-1,1210321008.3031278
2022-04-30,002-5,003-2,5288483651.553224
2022-05-31,002-5,003-2,4620164010.590481
2022-06-30,002-5,003-2,5307263231.115911
2022-07-31,002-5,003-2,5555175525.000327
2022-08-31,002-5,003-2,5803319717.570069
2022-09-30,002-5,003-2,5212235263.291793
2022-10-31,002-5,003-2,4743964265.1417675
2022-11-30,002-5,003-2,5201951412.37797
2022-12-31,002-5,003-2,5497591770.199031
2023-01-31,002-5,003-2,5043671583.056295
2023-02-28,002-5,003-2,5356836564.781296
2023-03-31,002-5,003-2,4877564224.3493185
2023-04-30,002-5,003-2,5186085726.064944
2023-05-31,002-5,003-2,4457538145.223029
2023-06-30,002-5,003-2,4849375648.21667
2023-07-31,002-5,003-2,5089739561.819218
2023-08-31,002-5,003-2,4998799800.006231
2023-09-30,002-5,003-2,4760206123.182192
2023-10-31,002-5,003-2,4964102741.981887
2023-11-30,002-5,003-2,5175216262.583798
2023-12-31,002-5,003-2,5069347148.039585
2024-01-31,002-5,003-2,5106810229.035227
2024-02-29,002-5,003-2,5277631216.53137
2024-03-31,002-5,003-2,5003940490.854278
2024-04-30,002-5,003-2,5437296622.704889
2024-05-31,002-5,003-2,4839463990.300139
2024-06-30,002-5,003-2,5582099408.37754
2024-07-31,002-5,003-2,5374638212.630559
2024-08-31,002-5,003-2,5000673130.269685
2024-09-30,002-5,003-2,5017647281.534009
2024-10-31,002-5,003-2,5143925285.408146
2024-11-30,002-5,003-2,5243698259.008037
2024-12-31,002-5,003-2,5369931217.503562
2025-01-31,002-5,003-2,4750030209.2311125
2025-02-28,002-5,003-2,5202655193.6642475
2025-03-31,002-5,003-2,4552507460.244141
2025-04-30,002-5,003-2,5046163186.214362
2025-05-31,002-5,003-2,5461412730.3659115
2025-06-30,002-5,003-2,4730424185.992282
2025-07-31,002-5,003-2,4684187883.494983
2025-08-31,002-5,003-2,5147504342.403559
2025-09-30,002-5,003-2,5444488406.7831745
2025-10-31,002-5,003-2,5174131918.673667
2025-11-30,002-5,003-2,4606448831.24977
2025-12-31,002-5,003-2,4662832275.828777
2026-01-31,002-5,003-2,5116180472.959862
2026-02-28,002-5,003-2,4791103954.965917
2026-03-31,002-5,003-2,5126093194.120478
2022-04-30,006-3,002-2,2817960193.5713434
2022-05-31,006-3,002-2,2722276688.6972837
2022-06-30,006-3,002-2,3043826703.6668587
2022-07-31,006-3,002-2,2873001138.3506975
2022-08-31,006-3,002-2,2959666924.2357492
2022-09-30,006-3,002-2,2919062234.395036
2022-10-31,006-3,002-2,2769673008.6352415
2022-11-30,006-3,002-2,2763481519.201809
2022-12-31,006-3,002-2,2749085754.054387
2023-01-31,006-3,002-2,2885647504.8580613
2023-02-28,006-3,002-2,2699866997.6152363
2023-03-31,006-3,002-2,3031307825.7017097
2023-04-30,006-3,002-2,2686541245.4189553
2023-05-31,006-3,002-2,2820538714.14602
2023-06-30,006-3,002-2,2758649076.190931
2023-07-31,006-3,002-2,2727713388.0751014
2023-08-31,006-3,002-2,3093721823.4547462
2023-09-30,006-3,002-2,2729351334.527791
2023-10-31,006-3,002-2,2748094926.8398943
2023-11-30,006-3,002-2,2697945880.9618845
2023-12-31,006-3,002-2,2796339292.816478
2024-01-31,006-3,002-2,2776477526.6787663
2024-02-29,006-3,002-2,2634442759.7737455
2024-03-31,006-3,002-2,2731400269.0615916
2024-04-30,006-3,002-2,2875682824.9278345
2024-05-31,006-3,002-2,2933909005.2312007
2024-06-30,006-3,002-2,2793961690.2718296
2024-07-31,006-3,002-2,2798844450.402129
2024-08-31,006-3,002-2,2740242994.650076
2024-09-30,006-3,002-2,2720506855.323337
2024-10-31,006-3,002-2,2662304252.7286077
2024-11-30,006-3,002-2,2573412569.301705
2024-12-31,006-3,002-2,2692600032.863224
2025-01-31,006-3,002-2,2916755947.6076546
2025-02-28,006-3,002-2,2731393700.18919
2025-03-31,006-3,002-2,2742332659.7144375
2025-04-30,006-3,002-2,2739616484.20806
2025-05-31,006-3,002-2,2964287730.8407345
2025-06-30,006-3,002-2,2661075051.853216
2025-07-31,006-3,002-2,2829270299.880899
2025-08-31,006-3,002-2,2781059745.6285906
2025-09-30,006-3,002-2,2800090742.915212
2025-10-31,006-3,002-2,2824707238.837108
2025-11-30,006-3,002-2,2798589130.200446
2025-12-31,006-3,002-2,2901263723.427479
2026-01-31,006-3,002-2,2786530575.5044646
2026-02-28,006-3,002-2,3034006829.921149
2026-03-31,006-3,002-2,2796819183.8065314
2022-04-30,002-3,003-3-1,1293766489.2011778
2022-05-31,002-3,003-3-1,1459355942.6680412
2022-06-30,002-3,003-3-1,1441945931.609417
2022-07-31,002-3,003-3-1,1416521659.551996
2022-08-31,002-3,003-3-1,1395865815.1487381
2022-09-30,002-3,003-3-1,1264693499.5792553
2022-10-31,002-3,003-3-1,1276557040.9812877
2022-11-30,002-3,003-3-1,1530718129.0636945
2022-12-31,002-3,003-3-1,1372818881.8955452
2023-01-31,002-3,003-3-1,1482500370.9956183
2023-02-28,002-3,003-3-1,1300868251.9966483
2023-03-31,002-3,003-3-1,1340195951.068718
2023-04-30,002-3,003-3-1,1462207759.6687899
2023-05-31,002-3,003-3-1,1406972414.5962555
2023-06-30,002-3,003-3-1,1452239360.4840038
2023-07-31,002-3,003-3-1,1413256394.593764
2023-08-31,002-3,003-3-1,1399535671.1536608
2023-09-30,002-3,003-3-1,1366133775.5933905
2023-10-31,002-3,003-3-1,1329791223.4873672
2023-11-30,002-3,003-3-1,1513406803.8663492
2023-12-31,002-3,003-3-1,1525046390.1939354
2024-01-31,002-3,003-3-1,1340772623.509325
2024-02-29,002-3,003-3-1,1336149809.5598774
2024-03-31,002-3,003-3-1,1389628974.154371
2024-04-30,002-3,003-3-1,1438292873.8001354
2024-05-31,002-3,003-3-1,1401363816.5724003
2024-06-30,002-3,003-3-1,1449541939.7187877
2024-07-31,002-3,003-3-1,1410737923.9747386
2024-08-31,002-3,003-3-1,1406114682.465808
2024-09-30,002-3,003-3-1,1584851622.075022
2024-10-31,002-3,003-3-1,1377082710.446887
2024-11-30,002-3,003-3-1,1530182682.0625808
2024-12-31,002-3,003-3-1,1516529528.1576962
2025-01-31,002-3,003-3-1,1449865332.4131348
2025-02-28,002-3,003-3-1,1278021623.561264
2025-03-31,002-3,003-3-1,1416416473.9848218
2025-04-30,002-3,003-3-1,1377825776.7731893
2025-05-31,002-3,003-3-1,1415641000.464856
2025-06-30,002-3,003-3-1,1339056902.840201
2025-07-31,002-3,003-3-1,1467696136.9342158
2025-08-31,002-3,003-3-1,1483869661.550572
2025-09-30,002-3,003-3-1,1496953977.119423
2025-10-31,002-3,003-3-1,1387196120.9822032
2025-11-30,002-3,003-3-1,1339307339.3709388
2025-12-31,002-3,003-3-1,1439088118.3107042
2026-01-31,002-3,003-3-1,1538394170.849702
2026-02-28,002-3,003-3-1,1419126978.940728
2026-03-31,002-3,003-3-1,1446202754.7740831
2022-04-30,003-8,002-3,2968003057.3977537
2022-05-31,003-8,002-3,2927677000.3449135
2022-06-30,003-8,002-3,3102129454.366825
2022-07-31,003-8,002-3,2987352692.337693
2022-08-31,003-8,002-3,3063874719.4979687
2022-09-30,003-8,002-3,3079489365.2624016
2022-10-31,003-8,002-3,3055464623.355286
2022-11-30,003-8,002-3,3087049891.985924
2022-12-31,003-8,002-3,2875189345.6898994
2023-01-31,003-8,002-3,2866025793.9635496
2023-02-28,003-8,002-3,2996879871.7803288
2023-03-31,003-8,002-3,3000492860.743022
2023-04-30,003-8,002-3,2924846015.29449
2023-05-31,003-8,002-3,3039469672.685435
2023-06-30,003-8,002-3,3139661669.8923593
2023-07-31,003-8,002-3,3181601642.116429
2023-08-31,003-8,002-3,3215351002.0469565
2023-09-30,003-8,002-3,2805844219.236036
2023-10-31,003-8,002-3,2828639579.12629
2023-11-30,003-8,002-3,2959785790.5827684
2023-12-31,003-8,002-3,3015336251.491305
2024-01-31,003-8,002-3,2967478300.576012
2024-02-29,003-8,002-3,2920293567.7124534
2024-03-31,003-8,002-3,2957567440.74651
2024-04-30,003-8,002-3,3075856442.2534943
2024-05-31,003-8,002-3,2803618670.990998
2024-06-30,003-8,002-3,3355168001.4592185
2024-07-31,003-8,002-3,3006432577.49107
2024-08-31,003-8,002-3,3161079556.449634
2024-09-30,003-8,002-3,2916184244.901693
2024-10-31,003-8,002-3,3089526738.102164
2024-11-30,003-8,002-3,3018310179.309632
2024-12-31,003-8,002-3,3131941883.003851
2025-01-31,003-8,002-3,2973450486.143797
2025-02-28,003-8,002-3,3236269102.408169
2025-03-31,003-8,002-3,2779227020.973034
2025-04-30,003-8,002-3,3145841879.6582727
2025-05-31,003-8,002-3,3021107536.915143
2025-06-30,003-8,002-3,2850364087.358752
2025-07-31,003-8,002-3,3296410132.2907386
2025-08-31,003-8,002-3,3280887957.861273
2025-09-30,003-8,002-3,2691859365.734975
2025-10-31,003-8,002-3,3029826754.585519
2025-11-30,003-8,002-3,3109245218.434691
2025-12-31,003-8,002-3,3069608266.0438256
2026-01-31,003-8,002-3,3230858098.8317804
2026-02-28,003-8,002-3,3199639467.555497
2026-03-31,003-8,002-3,3043101698.4731183
2022-04-30,002-4,002-2,1923589672.0721786
2022-05-31,002-4,002-2,1807860772.0979528
2022-06-30,002-4,002-2,1696621643.7061868
2022-07-31,002-4,002-2,1679271415.328667
2022-08-31,002-4,002-2,1834326087.7350016
2022-09-30,002-4,002-2,1658495445.5335472
2022-10-31,002-4,002-2,1691585485.010236
2022-11-30,002-4,002-2,1706279060.6290717
2022-12-31,002-4,002-2,1757675742.6298168
2023-01-31,002-4,002-2,1710260884.6891363
2023-02-28,002-4,002-2,1613247505.233656
2023-03-31,002-4,002-2,1827309273.7642539
2023-04-30,002-4,002-2,1692046552.9567099
2023-05-31,002-4,002-2,1901383626.8715532
2023-06-30,002-4,002-2,1753214697.8955324
2023-07-31,002-4,002-2,1836386874.2801719
2023-08-31,002-4,002-2,1781439491.6455379
2023-09-30,002-4,002-2,1840518534.9394991
2023-10-31,002-4,002-2,1776213476.0729008
2023-11-30,002-4,002-2,1747272107.672784
2023-12-31,002-4,002-2,1821364570.3515005
2024-01-31,002-4,002-2,1941625108.8419564
2024-02-29,002-4,002-2,1703669179.670252
2024-03-31,002-4,002-2,1795606263.769247
2024-04-30,002-4,002-2,1726512792.320245
2024-05-31,002-4,002-2,1770663010.4618316
2024-06-30,002-4,002-2,1730606001.4869976
2024-07-31,002-4,002-2,1540648286.6283324
2024-08-31,002-4,002-2,1709679902.7992337
2024-09-30,002-4,002-2,1813275547.798759
2024-10-31,002-4,002-2,1660891403.4636235
2024-11-30,002-4,002-2,1806487827.5040264
2024-12-31,002-4,002-2,1742820018.6729567
2025-01-31,002-4,002-2,1710430803.6150424
2025-02-28,002-4,002-2,1805181286.6271129
2025-03-31,002-4,002-2,1785771587.5969985
2025-04-30,002-4,002-2,1763279200.3685405
2025-05-31,002-4,002-2,1814686921.7255323
2025-06-30,002-4,002-2,1744502873.7832527
2025-07-31,002-4,002-2,1584951592.4819832
2025-08-31,002-4,002-2,1694315593.794792
2025-09-30,002-4,002-2,1571158629.3121858
2025-10-31,002-4,002-2,1783728007.1626117
2025-11-30,002-4,002-2,1804351000.7299745
2025-12-31,002-4,002-2,1808280055.138505
2026-01-31,002-4,002-2,1769198170.4295087
2026-02-28,002-4,002-2,1810544356.457728
2026-03-31,002-4,002-2,1590828689.3837032
2022-04-30,003-9,002-3,1052562544.1096665
2022-05-31,003-9,002-3,983387161.9628135
2022-06-30,003-9,002-3,1039294010.5430944
2022-07-31,003-9,002-3,1143774460.96406
2022-08-31,003-9,002-3,1116100343.5267293
2022-09-30,003-9,002-3,1093297517.1542182
2022-10-31,003-9,002-3,1048644182.9566896
2022-11-30,003-9,002-3,1005680408.6967762
2022-12-31,003-9,002-3,1068150343.0636637
2023-01-31,003-9,002-3,1117023069.7300704
2023-02-28,003-9,002-3,1079941612.7342715
2023-03-31,003-9,002-3,974351004.4627596
2023-04-30,003-9,002-3,1063789447.5255365
2023-05-31,003-9,002-3,957014821.5550706
2023-06-30,003-9,002-3,1100805747.4623618
2023-07-31,003-9,002-3,1021585283.4043332
2023-08-31,003-9,002-3,993535533.441736
2023-09-30,003-9,002-3,1101533129.4727929
2023-10-31,003-9,002-3,1087852398.776057
2023-11-30,003-9,002-3,1070551060.3754337
2023-12-31,003-9,002-3,1174223408.6278453
2024-01-31,003-9,002-3,1091853763.6880774
2024-02-29,003-9,002-3,1024127782.4133013
2024-03-31,003-9,002-3,1085726685.164898
2024-04-30,003-9,002-3,1043117073.9264584
2024-05-31,003-9,002-3,1125281843.731188
2024-06-30,003-9,002-3,1073121466.9380745
2024-07-31,003-9,002-3,1078356972.1803684
2024-08-31,003-9,002-3,981934579.9491626
2024-09-30,003-9,002-3,1061500481.9112475
2024-10-31,003-9,002-3,1055277022.622255
2024-11-30,003-9,002-3,1004060291.8477749
2024-12-31,003-9,002-3,1046533957.526004
2025-01-31,003-9,002-3,1081311044.1668694
2025-02-28,003-9,002-3,1058024052.3669684
2025-03-31,003-9,002-3,983536179.8813154
2025-04-30,003-9,002-3,1043797558.3740327
2025-05-31,003-9,002-3,1033489741.486641
2025-06-30,003-9,002-3,1068493526.395306
2025-07-31,003-9,002-3,1062779961.1052943
2025-08-31,003-9,002-3,1036474638.8382896
2025-09-30,003-9,002-3,1034408377.3337218
2025-10-31,003-9,002-3,1061811130.7643582
2025-11-30,003-9,002-3,1109207911.2994404
2025-12-31,003-9,002-3,1072997826.6485825
2026-01-31,003-9,002-3,1133552656.078593
2026-02-28,003-9,002-3,1118214407.1765637
2026-03-31,003-9,002-3,1137447728.4489398
2022-04-30,002-4,006-4,1774218312.2085145
2022-05-31,002-4,006-4,1790352685.3115916
2022-06-30,002-4,006-4,1564837934.2891092
2022-07-31,002-4,006-4,1714337598.0512722
2022-08-31,002-4,006-4,1761738446.316411
2022-09-30,002-4,006-4,1776742370.0082479
2022-10-31,002-4,006-4,1596590261.596822
2022-11-30,002-4,006-4,1715164090.4042966
2022-12-31,002-4,006-4,1666826409.2352297
2023-01-31,002-4,006-4,1813942147.5694945
2023-02-28,002-4,006-4,1545396764.72905
2023-03-31,002-4,006-4,1596708929.4356096
2023-04-30,002-4,006-4,1510247035.096561
2023-05-31,002-4,006-4,1672589727.8598619
2023-06-30,002-4,006-4,1848547026.4858363
2023-07-31,002-4,006-4,1656900719.5737286
2023-08-31,002-4,006-4,1668971072.7458365
2023-09-30,002-4,006-4,1706268205.0159914
2023-10-31,002-4,006-4,1650926868.6310809
2023-11-30,002-4,006-4,1690973182.689698
2023-12-31,002-4,006-4,1693147354.135338
2024-01-31,002-4,006-4,1590376541.8060758
2024-02-29,002-4,006-4,1652773749.5278895
2024-03-31,002-4,006-4,1722184401.7519088
2024-04-30,002-4,006-4,1737681221.2516074
2024-05-31,002-4,006-4,1768395812.626495
2024-06-30,002-4,006-4,1688433325.9177353
2024-07-31,002-4,006-4,1690122938.9541507
2024-08-31,002-4,006-4,1722869552.948073
2024-09-30,002-4,006-4,1611199118.666417
2024-10-31,002-4,006-4,1607794190.9719975
2024-11-30,002-4,006-4,1650220508.9815407
2024-12-31,002-4,006-4,1554718769.7113614
2025-01-31,002-4,006-4,1694366977.353223
2025-02-28,002-4,006-4,1747686721.5007064
2025-03-31,002-4,006-4,1601628067.310302
2025-04-30,002-4,006-4,1696712418.6071992
2025-05-31,002-4,006-4,1608346168.6370897
2025-06-30,002-4,006-4,1576176997.4940996
2025-07-31,002-4,006-4,1831253786.0412989
2025-08-31,002-4,006-4,1577367831.49489
2025-09-30,002-4,006-4,1554361610.1174436
2025-10-31,002-4,006-4,1678409995.1553361
2025-11-30,002-4,006-4,1682877466.6510866
2025-12-31,002-4,006-4,1715982061.4156084
2026-01-31,002-4,006-4,1826742565.768806
2026-02-28,002-4,006-4,1596057961.7386415
2026-03-31,002-4,006-4,1612555264.4403665
2022-04-30,003-3,003-1-1,2126029997.9221478
2022-05-31,003-3,003-1-1,2060141883.4196138
2022-06-30,003-3,003-1-1,2046461887.4381323
2022-07-31,003-3,003-1-1,1909708587.1823092
2022-08-31,003-3,003-1-1,2078517116.3183603
2022-09-30,003-3,003-1-1,2046767033.6278322
2022-10-31,003-3,003-1-1,1986392162.284888
2022-11-30,003-3,003-1-1,1910194707.0795774
2022-12-31,003-3,003-1-1,1978241597.5304797
2023-01-31,003-3,003-1-1,2129934139.1302705
2023-02-28,003-3,003-1-1,1860111689.4063213
2023-03-31,003-3,003-1-1,1889054124.3715363
2023-04-30,003-3,003-1-1,1905976392.5334613
2023-05-31,003-3,003-1-1,1927324574.3350203
2023-06-30,003-3,003-1-1,1966195831.4228246
2023-07-31,003-3,003-1-1,2062055245.2606738
2023-08-31,003-3,003-1-1,2013141365.5688114
2023-09-30,003-3,003-1-1,1973730101.010622
2023-10-31,003-3,003-1-1,1994996734.1353173
2023-11-30,003-3,003-1-1,2029136847.2020392
2023-12-31,003-3,003-1-1,1802285770.674765
2024-01-31,003-3,003-1-1,2073174294.6640782
2024-02-29,003-3,003-1-1,1886435659.586819
2024-03-31,003-3,003-1-1,1924108373.7882655
2024-04-30,003-3,003-1-1,2001238600.1681895
2024-05-31,003-3,003-1-1,1960325151.3077807
2024-06-30,003-3,003-1-1,2015651845.657887
2024-07-31,003-3,003-1-1,1981698172.6713736
2024-08-31,003-3,003-1-1,1939277524.7111776
2024-09-30,003-3,003-1-1,2118154364.9791272
2024-10-31,003-3,003-1-1,2037408709.4022038
2024-11-30,003-3,003-1-1,1997468599.5462706
2024-12-31,003-3,003-1-1,2035879212.2845085
2025-01-31,003-3,003-1-1,1898348721.9430122
2025-02-28,003-3,003-1-1,2181713835.410953
2025-03-31,003-3,003-1-1,1860734534.6828794
2025-04-30,003-3,003-1-1,1978878468.137849
2025-05-31,003-3,003-1-1,1939563438.7625895
2025-06-30,003-3,003-1-1,1935825896.0561855
2025-07-31,003-3,003-1-1,1923051066.9799874
2025-08-31,003-3,003-1-1,1891817729.199263
2025-09-30,003-3,003-1-1,2084661789.3467667
2025-10-31,003-3,003-1-1,1849216778.0194657
2025-11-30,003-3,003-1-1,2064514223.9573607
2025-12-31,003-3,003-1-1,2031551935.7474666
2026-01-31,003-3,003-1-1,1930269305.8044622
2026-02-28,003-3,003-1-1,2020145862.590186
2026-03-31,003-3,003-1-1,1952208876.8597217
2022-04-30,003-1,002-7,2439832094.2643085
2022-05-31,003-1,002-7,2441197012.090812
2022-06-30,003-1,002-7,2666586911.2264285
2022-07-31,003-1,002-7,2659890417.053742
2022-08-31,003-1,002-7,2613213697.285568
2022-09-30,003-1,002-7,2531426176.6567755
2022-10-31,003-1,002-7,2557385953.1079955
2022-11-30,003-1,002-7,2539941951.610885
2022-12-31,003-1,002-7,2356442481.2808905
2023-01-31,003-1,002-7,2589878085.98899
2023-02-28,003-1,002-7,2649418530.9716735
2023-03-31,003-1,002-7,2590698577.8912673
2023-04-30,003-1,002-7,2810364920.273246
2023-05-31,003-1,002-7,2452282896.8445454
2023-06-30,003-1,002-7,2496622871.265086
2023-07-31,003-1,002-7,2599142937.4460983
2023-08-31,003-1,002-7,2613440316.293242
2023-09-30,003-1,002-7,2336527164.0909166
2023-10-31,003-1,002-7,2659777801.341766
2023-11-30,003-1,002-7,2614027718.3459096
2023-12-31,003-1,002-7,2308359891.641126
2024-01-31,003-1,002-7,2566903388.311749
2024-02-29,003-1,002-7,2477588868.973761
2024-03-31,003-1,002-7,2523447019.992024
2024-04-30,003-1,002-7,2409223552.3760457
2024-05-31,003-1,002-7,2635699724.175393
2024-06-30,003-1,002-7,2809413103.815517
2024-07-31,003-1,002-7,2616184533.0437374
2024-08-31,003-1,002-7,2303197092.375016
2024-09-30,003-1,002-7,2618840407.5723505
2024-10-31,003-1,002-7,2556842802.2573752
2024-11-30,003-1,002-7,2439831294.3382874
2024-12-31,003-1,002-7,2627622695.0432158
2025-01-31,003-1,002-7,2695546705.652204
2025-02-28,003-1,002-7,2495668863.547131
2025-03-31,003-1,002-7,2369766910.411226
2025-04-30,003-1,002-7,2322266475.0418906
2025-05-31,003-1,002-7,2496031422.3187404
2025-06-30,003-1,002-7,2561895114.493507
2025-07-31,003-1,002-7,2515354827.975269
2025-08-31,003-1,002-7,2493759675.797208
2025-09-30,003-1,002-7,2655285370.0429716
2025-10-31,003-1,002-7,2641720539.2510076
2025-11-30,003-1,002-7,2607737594.8099394
2025-12-31,003-1,002-7,2687377745.9163265
2026-01-31,003-1,002-7,2497242074.767276
2026-02-28,003-1,002-7,2440664405.7723184
2026-03-31,003-1,002-7,2514537878.269384
2022-04-30,006-3,003-7,7163770799.372358
2022-05-31,006-3,003-7,6624888160.630996
2022-06-30,006-3,003-7,7180651316.208072
2022-07-31,006-3,003-7,7789822797.160128
2022-08-31,006-3,003-7,7677617135.006261
2022-09-30,006-3,003-7,7575867202.033309
2022-10-31,006-3,003-7,7430601641.404209
2022-11-30,006-3,003-7,7916811269.335843
2022-12-31,006-3,003-7,6990712183.494491
2023-01-31,006-3,003-7,7025902564.223939
2023-02-28,006-3,003-7,7796999863.451534
2023-03-31,006-3,003-7,7392210278.390332
2023-04-30,006-3,003-7,7134288654.27616
2023-05-31,006-3,003-7,7585737248.620943
2023-06-30,006-3,003-7,7220182659.470542
2023-07-31,006-3,003-7,7072889730.020518
2023-08-31,006-3,003-7,7062619006.660844
2023-09-30,006-3,003-7,7500705492.902195
2023-10-31,006-3,003-7,7457988000.403818
2023-11-30,006-3,003-7,7941854127.105463
2023-12-31,006-3,003-7,7274949031.994672
2024-01-31,006-3,003-7,7268652093.210564
2024-02-29,006-3,003-7,7913391549.595611
2024-03-31,006-3,003-7,7745824561.798827
2024-04-30,006-3,003-7,7435503399.695521
2024-05-31,006-3,003-7,6805849824.646695
2024-06-30,006-3,003-7,7082364817.574448
2024-07-31,006-3,003-7,6992953770.236701
2024-08-31,006-3,003-7,7395475671.2345085
2024-09-30,006-3,003-7,7194392035.300628
2024-10-31,006-3,003-7,7973655183.159954
2024-11-30,006-3,003-7,6802002133.85498
2024-12-31,006-3,003-7,6953369556.322894
2025-01-31,006-3,003-7,7472314026.397026
2025-02-28,006-3,003-7,7574483882.4108095
2025-03-31,006-3,003-7,6427106545.85064
2025-04-30,006-3,003-7,6741479545.2308
2025-05-31,006-3,003-7,7284724877.959825
2025-06-30,006-3,003-7,7882538428.912915
2025-07-31,006-3,003-7,8078795833.054915
2025-08-31,006-3,003-7,7229029816.915832
2025-09-30,006-3,003-7,7319035300.645501
2025-10-31,006-3,003-7,7073133240.087757
2025-11-30,006-3,003-7,7615738437.57338
2025-12-31,006-3,003-7,7946203177.707318
2026-01-31,006-3,003-7,7845619872.26646
2026-02-28,006-3,003-7,7371317124.60328
2026-03-31,006-3,003-7,7072518336.963407
2022-04-30,006-4,006-1,1010793277.4800864
2022-05-31,006-4,006-1,1080135079.8086348
2022-06-30,006-4,006-1,990145466.6209948
2022-07-31,006-4,006-1,918665589.2600187
2022-08-31,006-4,006-1,992191880.7697484
2022-09-30,006-4,006-1,996283082.8503987
2022-10-31,006-4,006-1,918369086.8270476
2022-11-30,006-4,006-1,1022101457.7427927
2022-12-31,006-4,006-1,1035942002.026926
2023-01-31,006-4,006-1,1104339011.4929113
2023-02-28,006-4,006-1,943068876.9453279
2023-03-31,006-4,006-1,1047284355.351456
2023-04-30,006-4,006-1,1059222728.9180512
2023-05-31,006-4,006-1,1036629881.6910589
2023-06-30,006-4,006-1,959516603.2817234
2023-07-31,006-4,006-1,956580186.3893746
2023-08-31,006-4,006-1,1015289452.069439
2023-09-30,006-4,006-1,1014934854.8287014
2023-10-31,006-4,006-1,982117159.0943108
2023-11-30,006-4,006-1,1075631330.2587845
2023-12-31,006-4,006-1,990133620.7261429
2024-01-31,006-4,006-1,914711383.7366219
2024-02-29,006-4,006-1,999060071.5626125
2024-03-31,006-4,006-1,1034642082.7874805
2024-04-30,006-4,006-1,1027654694.6651602
2024-05-31,006-4,006-1,1027263750.4237621
2024-06-30,006-4,006-1,1085853942.6247513
2024-07-31,006-4,006-1,954061114.5429649
2024-08-31,006-4,006-1,988973868.8205827
2024-09-30,006-4,006-1,1088433694.44409
2024-10-31,006-4,006-1,910990705.733296
2024-11-30,006-4,006-1,1007666585.7992251
2024-12-31,006-4,006-1,1072462988.3849369
2025-01-31,006-4,006-1,1071710010.1612643
2025-02-28,006-4,006-1,1043727565.1139922
2025-03-31,006-4,006-1,1045006853.1132166
2025-04-30,006-4,006-1,957787769.2321992
2025-05-31,006-4,006-1,1079750649.7048948
2025-06-30,006-4,006-1,949753305.3667722
2025-07-31,006-4,006-1,952766695.1680905
2025-08-31,006-4,006-1,1029974170.55877
2025-09-30,006-4,006-1,985472594.4263414
2025-10-31,006-4,006-1,1020821275.3537405
2025-11-30,006-4,006-1,1032141077.6318111
2025-12-31,006-4,006-1,1100207425.788676
2026-01-31,006-4,006-1,1032290487.7696428
2026-02-28,006-4,006-1,979131464.4116937
2026-03-31,006-4,006-1,1044554640.5571007
2022-04-30,002-2,003-8,2240093607.0830555
2022-05-31,002-2,003-8,2444012169.0368314
2022-06-30,002-2,003-8,2344849142.706622
2022-07-31,002-2,003-8,2384105893.7060738
2022-08-31,002-2,003-8,2129200604.8500445
2022-09-30,002-2,003-8,2074263432.227848
2022-10-31,002-2,003-8,2161832738.877425
2022-11-30,002-2,003-8,2541315610.380572
2022-12-31,002-2,003-8,2203117505.058322
2023-01-31,002-2,003-8,2422877666.1294546
2023-02-28,002-2,003-8,2262279972.702053
2023-03-31,002-2,003-8,2309245337.9892592
2023-04-30,002-2,003-8,2332070187.891937
2023-05-31,002-2,003-8,2529396283.590561
2023-06-30,002-2,003-8,2405604546.4885054
2023-07-31,002-2,003-8,2382293241.356674
2023-08-31,002-2,003-8,2488834842.150886
2023-09-30,002-2,003-8,2263297974.575722
2023-10-31,002-2,003-8,2462148122.8451414
2023-11-30,002-2,003-8,2442626978.589982
2023-12-31,002-2,003-8,2441294341.93768
2024-01-31,002-2,003-8,2319180413.299394
2024-02-29,002-2,003-8,2286189685.627655
2024-03-31,002-2,003-8,2235644628.2116747
2024-04-30,002-2,003-8,2242965190.186238
2024-05-31,002-2,003-8,2230129835.0706153
2024-06-30,002-2,003-8,2380168010.3609624
2024-07-31,002-2,003-8,2310611930.186623
2024-08-31,002-2,003-8,2387711919.197872
2024-09-30,002-2,003-8,2394312657.191235
2024-10-31,002-2,003-8,2213448211.289319
2024-11-30,002-2,003-8,2209940808.4522996
2024-12-31,002-2,003-8,2310574057.815511
2025-01-31,002-2,003-8,2246712068.1518373
2025-02-28,002-2,003-8,2234407205.7179813
2025-03-31,002-2,003-8,2535462570.6287484
2025-04-30,002-2,003-8,2158101182.110542
2025-05-31,002-2,003-8,2573721473.883388
2025-06-30,002-2,003-8,2371055899.2026157
2025-07-31,002-2,003-8,2452552972.516218
2025-08-31,002-2,003-8,2438773971.418043
2025-09-30,002-2,003-8,2409397236.0623536
2025-10-31,002-2,003-8,2531506087.592896
2025-11-30,002-2,003-8,2210799980.339661
2025-12-31,002-2,003-8,2319021281.410326
2026-01-31,002-2,003-8,2237628611.0297794
2026-02-28,002-2,003-8,2139084382.3208218
2026-03-31,002-2,003-8,2260020587.7693806
2022-04-30,003-7,002-1,1164992193.5336988
2022-05-31,003-7,002-1,1056015822.0497867
2022-06-30,003-7,002-1,1170902651.6772215
2022-07-31,003-7,002-1,1176352041.5651941
2022-08-31,003-7,002-1,1224784036.8037405
2022-09-30,003-7,002-1,1166746947.8870564
2022-10-31,003-7,002-1,1190855740.6852806
2022-11-30,003-7,002-1,1082574456.2400167
2022-12-31,003-7,002-1,1077416527.7601678
2023-01-31,003-7,002-1,1080959093.7721245
2023-02-28,003-7,002-1,1065258449.761244
2023-03-31,003-7,002-1,1073226607.7468448
2023-04-30,003-7,002-1,1105318453.6306956
2023-05-31,003-7,002-1,1040444393.4191242
2023-06-30,003-7,002-1,991879071.7926034
2023-07-31,003-7,002-1,1084622476.1656258
2023-08-31,003-7,002-1,1028354441.1518801
2023-09-30,003-7,002-1,1033868805.5708479
2023-10-31,003-7,002-1,1057651705.9794861
2023-11-30,003-7,002-1,1045433762.7647595
2023-12-31,003-7,002-1,1124379059.9205499
2024-01-31,003-7,002-1,1056374022.4993485
2024-02-29,003-7,002-1,1127063883.4462852
2024-03-31,003-7,002-1,1076228129.9423568
2024-04-30,003-7,002-1,1060539837.8698293
2024-05-31,003-7,002-1,1073682395.8586065
2024-06-30,003-7,002-1,996459369.212301
2024-07-31,003-7,002-1,1083262059.7042863
2024-08-31,003-7,002-1,1110485299.563291
2024-09-30,003-7,002-1,1118030561.9108438
2024-10-31,003-7,002-1,993234617.0727783
2024-11-30,003-7,002-1,984350063.4326674
2024-12-31,003-7,002-1,1036662702.0097345
2025-01-31,003-7,002-1,1139006071.0357134
2025-02-28,003-7,002-1,1077024895.2255795
2025-03-31,003-7,002-1,1023992732.4012179
2025-04-30,003-7,002-1,987867575.0584048
2025-05-31,003-7,002-1,1028823980.5757252
2025-06-30,003-7,002-1,1025225451.5699488
2025-07-31,003-7,002-1,1115088715.60495
2025-08-31,003-7,002-1,1119186034.7055187
2025-09-30,003-7,002-1,1009334468.4597998
2025-10-31,003-7,002-1,1105370837.3617916
2025-11-30,003-7,002-1,1099916243.0208986
2025-12-31,003-7,002-1,1002422084.2001135
2026-01-31,003-7,002-1,1060790721.5988474
2026-02-28,003-7,002-1,1083408148.7237668
2026-03-31,003-7,002-1,1073949504.9851675
2022-04-30,006-2,003-4,1245716244.5764573
2022-05-31,006-2,003-4,1371158168.835972
2022-06-30,006-2,003-4,1405559919.0002441
2022-07-31,006-2,003-4,1469811169.3965218
2022-08-31,006-2,003-4,1316671036.0545745
2022-09-30,006-2,003-4,1325071733.1530936
2022-10-31,006-2,003-4,1347997022.321283
2022-11-30,006-2,003-4,1382058233.7370827
2022-12-31,006-2,003-4,1368831172.4150739
2023-01-31,006-2,003-4,1403383297.2675085
2023-02-28,006-2,003-4,1285585420.3482394
2023-03-31,006-2,003-4,1389253344.5473974
2023-04-30,006-2,003-4,1311670030.051465
2023-05-31,006-2,003-4,1352460541.627859
2023-06-30,006-2,003-4,1478557967.5443687
2023-07-31,006-2,003-4,1266987241.5637105
2023-08-31,006-2,003-4,1343188326.6438837
2023-09-30,006-2,003-4,1275405578.9645367
2023-10-31,006-2,003-4,1372648816.9706867
2023-11-30,006-2,003-4,1433619538.5792701
2023-12-31,006-2,003-4,1373778586.5927994
2024-01-31,006-2,003-4,1354273527.7762508
2024-02-29,006-2,003-4,1452702202.0576138
2024-03-31,006-2,003-4,1384734083.7012348
2024-04-30,006-2,003-4,1418044773.7846267
2024-05-31,006-2,003-4,1410940189.4144444
2024-06-30,006-2,003-4,1166319112.3557675
2024-07-31,006-2,003-4,1357001178.6102672
2024-08-31,006-2,003-4,1288794278.2654717
2024-09-30,006-2,003-4,1305737444.9877417
2024-10-31,006-2,003-4,1462658948.6214845
2024-11-30,006-2,003-4,1336694739.7313964
2024-12-31,006-2,003-4,1491128193.1053755
2025-01-31,006-2,003-4,1266343890.0167367
2025-02-28,006-2,003-4,1288413107.0102146
2025-03-31,006-2,003-4,1414147766.8945408
2025-04-30,006-2,003-4,1338971969.9623003
2025-05-31,006-2,003-4,1383155600.905072
2025-06-30,006-2,003-4,1354573831.7129216
2025-07-31,006-2,003-4,1352512147.0071256
2025-08-31,006-2,003-4,1341501308.5713632
2025-09-30,006-2,003-4,1374448680.6281202
2025-10-31,006-2,003-4,1405925907.2360756
2025-11-30,006-2,003-4,1472183343.6230073
2025-12-31,006-2,003-4,1348429816.327163
2026-01-31,006-2,003-4,1335412019.280571
2026-02-28,006-2,003-4,1326637717.680902
2026-03-31,006-2,003-4,1462331861.6520553
2022-04-30,002-5,003-6,1468160543.6609986
2022-05-31,002-5,003-6,1284422794.5950322
2022-06-30,002-5,003-6,1281294414.5454934
2022-07-31,002-5,003-6,1360276012.365179
2022-08-31,002-5,003-6,1435506763.7254493
2022-09-30,002-5,003-6,1416800919.3281155
2022-10-31,002-5,003-6,1455703986.3574708
2022-11-30,002-5,003-6,1406726664.6848297
2022-12-31,002-5,003-6,1518335073.6416883
2023-01-31,002-5,003-6,1473964013.9291291
2023-02-28,002-5,003-6,1424680662.7483268
2023-03-31,002-5,003-6,1500447827.1174889
2023-04-30,002-5,003-6,1302171519.7058911
2023-05-31,002-5,003-6,1413139120.9279742
2023-06-30,002-5,003-6,1428933627.787985
2023-07-31,002-5,003-6,1461895705.2971804
2023-08-31,002-5,003-6,1297469805.5989916
2023-09-30,002-5,003-6,1400697759.5258896
2023-10-31,002-5,003-6,1447592136.065669
2023-11-30,002-5,003-6,1453034770.0977693
2023-12-31,002-5,003-6,1503342265.5649464
2024-01-31,002-5,003-6,1473211421.6485293
2024-02-29,002-5,003-6,1414858357.70408
2024-03-31,002-5,003-6,1467071244.6699045
2024-04-30,002-5,003-6,1404887398.9709697
2024-05-31,002-5,003-6,1429590823.0822232
2024-06-30,002-5,003-6,1475574137.9379761
2024-07-31,002-5,003-6,1415961430.366493
2024-08-31,002-5,003-6,1444862271.9351904
2024-09-30,002-5,003-6,1487389232.9694347
2024-10-31,002-5,003-6,1469710281.1846485
2024-11-30,002-5,003-6,1506701597.9091718
2024-12-31,002-5,003-6,1584399807.892911
2025-01-31,002-5,003-6,1469054828.5854166
2025-02-28,002-5,003-6,1386443156.0552404
2025-03-31,002-5,003-6,1455494267.350347
2025-04-30,002-5,003-6,1452442710.4885552
2025-05-31,002-5,003-6,1462709900.2571805
2025-06-30,002-5,003-6,1525260473.0217745
2025-07-31,002-5,003-6,1299673395.0927644
2025-08-31,002-5,003-6,1526596041.3212914
2025-09-30,002-5,003-6,1550479273.1748075
2025-10-31,002-5,003-6,1459485530.4208865
2025-11-30,002-5,003-6,1461193112.5453978
2025-12-31,002-5,003-6,1402029095.5251033
2026-01-31,002-5,003-6,1419624662.812553
2026-02-28,002-5,003-6,1468701764.9917734
2026-03-31,002-5,003-6,1464132035.1065695
2022-04-30,006-6,003-6,45662573710.797874
2022-05-31,006-6,003-6,45455333641.16475
2022-06-30,006-6,003-6,46054130629.00521
2022-07-31,006-6,003-6,45807884452.880806
2022-08-31,006-6,003-6,41816959412.751625
2022-09-30,006-6,003-6,45908416627.36917
2022-10-31,006-6,003-6,48170131988.321754
2022-11-30,006-6,003-6,44015655837.86428
2022-12-31,006-6,003-6,47378762632.201126
2023-01-31,006-6,003-6,42052874699.91664
2023-02-28,006-6,003-6,44008745273.99793
2023-03-31,006-6,003-6,42661402739.92036
2023-04-30,006-6,003-6,47113746538.550575
2023-05-31,006-6,003-6,47689479205.996574
2023-06-30,006-6,003-6,43855733510.65353
2023-07-31,006-6,003-6,46655021469.39373
2023-08-31,006-6,003-6,47711847092.28769
2023-09-30,006-6,003-6,44001789818.88853
2023-10-31,006-6,003-6,44360269446.88935
2023-11-30,006-6,003-6,45691014084.13819
2023-12-31,006-6,003-6,42217618649.614555
2024-01-31,006-6,003-6,44316957562.66327
2024-02-29,006-6,003-6,48796429348.91331
2024-03-31,006-6,003-6,42972445519.17128
2024-04-30,006-6,003-6,45955924786.186195
2024-05-31,006-6,003-6,45228650251.816414
2024-06-30,006-6,003-6,43713439990.27899
2024-07-31,006-6,003-6,44562798681.421196
2024-08-31,006-6,003-6,47936611421.615135
2024-09-30,006-6,003-6,45294304922.805786
2024-10-31,006-6,003-6,45638572797.17645
2024-11-30,006-6,003-6,47602180604.42031
2024-12-31,006-6,003-6,43436555047.17634
2025-01-31,006-6,003-6,41767229803.1083
2025-02-28,006-6,003-6,47971270303.13278
2025-03-31,006-6,003-6,44375188985.27376
2025-04-30,006-6,003-6,46043576756.56521
2025-05-31,006-6,003-6,42394376111.24613
2025-06-30,006-6,003-6,44930535555.92143
2025-07-31,006-6,003-6,41657004577.48129
2025-08-31,006-6,003-6,44214798203.52207
2025-09-30,006-6,003-6,42646494523.026886
2025-10-31,006-6,003-6,42140232155.80604
2025-11-30,006-6,003-6,43406337171.949524
2025-12-31,006-6,003-6,39020350435.34367
2026-01-31,006-6,003-6,41518237302.84291
2026-02-28,006-6,003-6,45798552784.34092
2026-03-31,006-6,003-6,44840491878.0403
2022-04-30,003-7,003-1,1780817819.3373477
2022-05-31,003-7,003-1,1933445041.4071734
2022-06-30,003-7,003-1,1799257913.161032
2022-07-31,003-7,003-1,1949826007.9333577
2022-08-31,003-7,003-1,1871012049.2515101
2022-09-30,003-7,003-1,1851300717.642145
2022-10-31,003-7,003-1,1873324467.6761537
2022-11-30,003-7,003-1,2122731010.7573264
2022-12-31,003-7,003-1,1810493901.8163934
2023-01-31,003-7,003-1,1903211026.9618576
2023-02-28,003-7,003-1,1955415685.676142
2023-03-31,003-7,003-1,1791335164.3346791
2023-04-30,003-7,003-1,1731881929.163188
2023-05-31,003-7,003-1,1825332946.3721547
2023-06-30,003-7,003-1,1953354494.4574788
2023-07-31,003-7,003-1,1849712371.5388303
2023-08-31,003-7,003-1,1860147235.279527
2023-09-30,003-7,003-1,1967591622.4430423
2023-10-31,003-7,003-1,1806020495.2091906
2023-11-30,003-7,003-1,1873541667.548409
2023-12-31,003-7,003-1,1739448719.717876
2024-01-31,003-7,003-1,1912071016.6415215
2024-02-29,003-7,003-1,1903488456.4190874
2024-03-31,003-7,003-1,1956748780.021865
2024-04-30,003-7,003-1,1774130589.0355108
2024-05-31,003-7,003-1,1863837472.3846643
2024-06-30,003-7,003-1,1761595842.3512862
2024-07-31,003-7,003-1,1858735744.456534
2024-08-31,003-7,003-1,2021321403.1422937
2024-09-30,003-7,003-1,1851711948.3901138
2024-10-31,003-7,003-1,1753367315.36719
2024-11-30,003-7,003-1,1817920064.0027502
2024-12-31,003-7,003-1,1730311113.3948236
2025-01-31,003-7,003-1,1759967767.884471
2025-02-28,003-7,003-1,1945029352.0405307
2025-03-31,003-7,003-1,1745805547.864741
2025-04-30,003-7,003-1,1911281518.2401965
2025-05-31,003-7,003-1,1884315315.9516528
2025-06-30,003-7,003-1,1831879101.4220777
2025-07-31,003-7,003-1,1903285485.3587816
2025-08-31,003-7,003-1,1793664133.0685947
2025-09-30,003-7,003-1,1961012030.237371
2025-10-31,003-7,003-1,1816182979.4451828
2025-11-30,003-7,003-1,1845538009.3225775
2025-12-31,003-7,003-1,1834342240.0943627
2026-01-31,003-7,003-1,1946768843.8512414
2026-02-28,003-7,003-1,1933122329.1187332
2026-03-31,003-7,003-1,1635205005.2890906
2022-04-30,002-9,002-6,1391843831.7011988
2022-05-31,002-9,002-6,1254486575.5859442
2022-06-30,002-9,002-6,1350917444.8223376
2022-07-31,002-9,002-6,1366939034.759747
2022-08-31,002-9,002-6,1350179646.0566978
2022-09-30,002-9,002-6,1408788216.3194299
2022-10-31,002-9,002-6,1423855280.6740298
2022-11-30,002-9,002-6,1321221095.5229077
2022-12-31,002-9,002-6,1318724464.557845
2023-01-31,002-9,002-6,1371900826.9064262
2023-02-28,002-9,002-6,1268289451.2871416
2023-03-31,002-9,002-6,1341595332.2417717
2023-04-30,002-9,002-6,1467010667.570142
2023-05-31,002-9,002-6,1270861693.751232
2023-06-30,002-9,002-6,1351000206.302319
2023-07-31,002-9,002-6,1333670504.7934647
2023-08-31,002-9,002-6,1512171867.4946482
2023-09-30,002-9,002-6,1337411519.9680262
2023-10-31,002-9,002-6,1341400658.53516
2023-11-30,002-9,002-6,1303539851.3977115
2023-12-31,002-9,002-6,1375013186.9375582
2024-01-31,002-9,002-6,1392938115.329619
2024-02-29,002-9,002-6,1313500278.771948
2024-03-31,002-9,002-6,1442316281.945378
2024-04-30,002-9,002-6,1392999723.5926929
2024-05-31,002-9,002-6,1432913956.2408452
2024-06-30,002-9,002-6,1351823581.3492823
2024-07-31,002-9,002-6,1391083899.486338
2024-08-31,002-9,002-6,1359728906.1220775
2024-09-30,002-9,002-6,1474542484.8131034
2024-10-31,002-9,002-6,1382362117.6342447
2024-11-30,002-9,002-6,1374974164.7024326
2024-12-31,002-9,002-6,1342882842.86069
2025-01-31,002-9,002-6,1338916291.410512
2025-02-28,002-9,002-6,1390708540.7312043
2025-03-31,002-9,002-6,1430693532.9579062
2025-04-30,002-9,002-6,1327330710.5373745
2025-05-31,002-9,002-6,1383070959.9126744
2025-06-30,002-9,002-6,1387028480.5248194
2025-07-31,002-9,002-6,1398998855.348229
2025-08-31,002-9,002-6,1257035791.4409714
2025-09-30,002-9,002-6,1310826240.876397
2025-10-31,002-9,002-6,1280513640.7826293
2025-11-30,002-9,002-6,1376632378.1214516
2025-12-31,002-9,002-6,1312458949.477765
2026-01-31,002-9,002-6,1340271595.4237218
2026-02-28,002-9,002-6,1292303283.6055984
2026-03-31,002-9,002-6,1346662742.8565075
2022-04-30,002-6,003-3-1,1226765061.5239694
2022-05-31,002-6,003-3-1,1349079073.597993
2022-06-30,002-6,003-3-1,1330967326.2432086
2022-07-31,002-6,003-3-1,1309585343.2320204
2022-08-31,002-6,003-3-1,1280198243.8353713
2022-09-30,002-6,003-3-1,1167390296.7952414
2022-10-31,002-6,003-3-1,1270042431.0927773
2022-11-30,002-6,003-3-1,1250333888.690912
2022-12-31,002-6,003-3-1,1315892399.2844224
2023-01-31,002-6,003-3-1,1340097222.3590822
2023-02-28,002-6,003-3-1,1320920008.8778465
2023-03-31,002-6,003-3-1,1381908013.7124732
2023-04-30,002-6,003-3-1,1262886417.6913042
2023-05-31,002-6,003-3-1,1260191780.1080494
2023-06-30,002-6,003-3-1,1367274614.9147036
2023-07-31,002-6,003-3-1,1310624363.1189141
2023-08-31,002-6,003-3-1,1283769061.5268683
2023-09-30,002-6,003-3-1,1419829198.582166
2023-10-31,002-6,003-3-1,1337369116.0232012
2023-11-30,002-6,003-3-1,1287438105.2859137
2023-12-31,002-6,003-3-1,1255241478.2533538
2024-01-31,002-6,003-3-1,1386033281.647835
2024-02-29,002-6,003-3-1,1313274740.4328284
2024-03-31,002-6,003-3-1,1301415159.937594
2024-04-30,002-6,003-3-1,1343773720.0788672
2024-05-31,002-6,003-3-1,1357019646.8122833
2024-06-30,002-6,003-3-1,1335558427.7026062
2024-07-31,002-6,003-3-1,1357272313.8891246
2024-08-31,002-6,003-3-1,1329157089.740592
2024-09-30,002-6,003-3-1,1335884721.894764
2024-10-31,002-6,003-3-1,1252271837.7494035
2024-11-30,002-6,003-3-1,1417478648.7580898
2024-12-31,002-6,003-3-1,1219643789.181765
2025-01-31,002-6,003-3-1,1319928566.696902
2025-02-28,002-6,003-3-1,1212943831.880111
2025-03-31,002-6,003-3-1,1293444285.0470636
2025-04-30,002-6,003-3-1,1262692783.0145767
2025-05-31,002-6,003-3-1,1308644700.5470886
2025-06-30,002-6,003-3-1,1322032982.5018346
2025-07-31,002-6,003-3-1,1237668609.8995657
2025-08-31,002-6,003-3-1,1297910101.1818902
2025-09-30,002-6,003-3-1,1390398183.9733934
2025-10-31,002-6,003-3-1,1214536240.9854872
2025-11-30,002-6,003-3-1,1244315894.175232
2025-12-31,002-6,003-3-1,1355763160.5108116
2026-01-31,002-6,003-3-1,1304862150.4043345
2026-02-28,002-6,003-3-1,1309645502.1262686
2026-03-31,002-6,003-3-1,1366262321.4987652
2022-04-30,003-7,002-9,988121547.0866445
2022-05-31,003-7,002-9,1002256246.3562809
2022-06-30,003-7,002-9,995912271.5495692
2022-07-31,003-7,002-9,1011060786.7121536
2022-08-31,003-7,002-9,1097892169.313469
2022-09-30,003-7,002-9,941456926.2630825
2022-10-31,003-7,002-9,967534316.051436
2022-11-30,003-7,002-9,958712690.9161216
2022-12-31,003-7,002-9,1101090835.3507848
2023-01-31,003-7,002-9,997365284.2088934
2023-02-28,003-7,002-9,1012168447.9310368
2023-03-31,003-7,002-9,945904462.4182163
2023-04-30,003-7,002-9,1015475966.4046499
2023-05-31,003-7,002-9,1073556882.2453303
2023-06-30,003-7,002-9,1041989734.3636049
2023-07-31,003-7,002-9,1023425932.5049797
2023-08-31,003-7,002-9,948463969.4100976
2023-09-30,003-7,002-9,1012102673.7022588
2023-10-31,003-7,002-9,1036533989.2378554
2023-11-30,003-7,002-9,977947236.0874677
2023-12-31,003-7,002-9,1062668750.0354824
2024-01-31,003-7,002-9,1074511093.6252193
2024-02-29,003-7,002-9,1001777079.3376595
2024-03-31,003-7,002-9,1066318579.0884004
2024-04-30,003-7,002-9,1023329437.9601653
2024-05-31,003-7,002-9,1087994243.776605
2024-06-30,003-7,002-9,1133629955.2938313
2024-07-31,003-7,002-9,972707661.1733462
2024-08-31,003-7,002-9,1068564431.6006721
2024-09-30,003-7,002-9,1096114227.4685733
2024-10-31,003-7,002-9,979035095.4685774
2024-11-30,003-7,002-9,999386154.1662575
2024-12-31,003-7,002-9,998807024.6846409
2025-01-31,003-7,002-9,1022143973.8631477
2025-02-28,003-7,002-9,1010640838.2401786
2025-03-31,003-7,002-9,1018773907.0821584
2025-04-30,003-7,002-9,1072088874.2864343
2025-05-31,003-7,002-9,931438223.5550715
2025-06-30,003-7,002-9,978869786.3874688
2025-07-31,003-7,002-9,1063442380.9870933
2025-08-31,003-7,002-9,1057415058.3784648
2025-09-30,003-7,002-9,974514711.1434574
2025-10-31,003-7,002-9,1057771382.3581439
2025-11-30,003-7,002-9,1097241078.533742
2025-12-31,003-7,002-9,1026453051.4204656
2026-01-31,003-7,002-9,977117050.2398512
2026-02-28,003-7,002-9,1073990725.8255954
2026-03-31,003-7,002-9,1117623973.834282
2022-04-30,003-6,002-7,1403760963.099301
2022-05-31,003-6,002-7,1471723672.648903
2022-06-30,003-6,002-7,1548904180.3142831
2022-07-31,003-6,002-7,1477313100.0792034
2022-08-31,003-6,002-7,1340515902.3613374
2022-09-30,003-6,002-7,1501406424.5291207
2022-10-31,003-6,002-7,1396955211.1328092
2022-11-30,003-6,002-7,1375516452.457863
2022-12-31,003-6,002-7,1341951572.5953898
2023-01-31,003-6,002-7,1556266867.2133021
2023-02-28,003-6,002-7,1407538012.9390373
2023-03-31,003-6,002-7,1493321811.1119123
2023-04-30,003-6,002-7,1511360517.9515467
2023-05-31,003-6,002-7,1480725237.7221231
2023-06-30,003-6,002-7,1490621684.8937361
2023-07-31,003-6,002-7,1496825871.191757
2023-08-31,003-6,002-7,1478983096.683513
2023-09-30,003-6,002-7,1413013250.009406
2023-10-31,003-6,002-7,1406463861.094769
2023-11-30,003-6,002-7,1461130860.631546
2023-12-31,003-6,002-7,1459575174.2076735
2024-01-31,003-6,002-7,1500371039.5663993
2024-02-29,003-6,002-7,1549748354.9384143
2024-03-31,003-6,002-7,1494098033.33929
2024-04-30,003-6,002-7,1409287960.627016
2024-05-31,003-6,002-7,1308652374.3465233
2024-06-30,003-6,002-7,1412368598.381828
2024-07-31,003-6,002-7,1370098797.0485291
2024-08-31,003-6,002-7,1415200891.1442802
2024-09-30,003-6,002-7,1486634237.7895358
2024-10-31,003-6,002-7,1475038731.586984
2024-11-30,003-6,002-7,1605309286.0501812
2024-12-31,003-6,002-7,1504319417.5986664
2025-01-31,003-6,002-7,1609054071.4738002
2025-02-28,003-6,002-7,1521362221.0334632
2025-03-31,003-6,002-7,1548577444.6140635
2025-04-30,003-6,002-7,1442482402.8858163
2025-05-31,003-6,002-7,1389926759.8130007
2025-06-30,003-6,002-7,1435868387.075227
2025-07-31,003-6,002-7,1467969197.4101448
2025-08-31,003-6,002-7,1422707646.372922
2025-09-30,003-6,002-7,1395314972.0362616
2025-10-31,003-6,002-7,1499454333.0101008
2025-11-30,003-6,002-7,1395002495.098667
2025-12-31,003-6,002-7,1356218133.8316996
2026-01-31,003-6,002-7,1386432620.033802
2026-02-28,003-6,002-7,1451629373.4785008
2026-03-31,003-6,002-7,1396065793.3320947
2022-04-30,006-3,003-5,1399659595.580728
2022-05-31,006-3,003-5,1458311786.9805522
2022-06-30,006-3,003-5,1456471149.9019406
2022-07-31,006-3,003-5,1369026080.6664538
2022-08-31,006-3,003-5,1323499724.0671642
2022-09-30,006-3,003-5,1375057587.8726146
2022-10-31,006-3,003-5,1462219447.668498
2022-11-30,006-3,003-5,1478752624.4547431
2022-12-31,006-3,003-5,1440787335.997137
2023-01-31,006-3,003-5,1500856177.4639833
2023-02-28,006-3,003-5,1538216899.7492528
2023-03-31,006-3,003-5,1381598296.3497453
2023-04-30,006-3,003-5,1521040419.839965
2023-05-31,006-3,003-5,1397361769.2785077
2023-06-30,006-3,003-5,1488001552.8551824
2023-07-31,006-3,003-5,1465966212.9164515
2023-08-31,006-3,003-5,1275849576.5322075
2023-09-30,006-3,003-5,1347406633.978939
2023-10-31,006-3,003-5,1329350802.8339374
2023-11-30,006-3,003-5,1289654492.6280522
2023-12-31,006-3,003-5,1478053128.0367868
2024-01-31,006-3,003-5,1562255145.742599
2024-02-29,006-3,003-5,1397565434.1323879
2024-03-31,006-3,003-5,1476272162.967344
2024-04-30,006-3,003-5,1520903232.7336764
2024-05-31,006-3,003-5,1430554015.0916586
2024-06-30,006-3,003-5,1414014230.3249238
2024-07-31,006-3,003-5,1398413826.020413
2024-08-31,006-3,003-5,1453860108.5439415
2024-09-30,006-3,003-5,1477726010.7430835
2024-10-31,006-3,003-5,1448497461.2769158
2024-11-30,006-3,003-5,1446066392.55541
2024-12-31,006-3,003-5,1412181480.8526573
2025-01-31,006-3,003-5,1303040409.312647
2025-02-28,006-3,003-5,1479355769.1806958
2025-03-31,006-3,003-5,1324867142.735905
2025-04-30,006-3,003-5,1459652650.0375288
2025-05-31,006-3,003-5,1469304979.8150325
2025-06-30,006-3,003-5,1335074610.6157062
2025-07-31,006-3,003-5,1372779745.1091022
2025-08-31,006-3,003-5,1565985985.81754
2025-09-30,006-3,003-5,1410179577.9145358
2025-10-31,006-3,003-5,1329426848.675866
2025-11-30,006-3,003-5,1472500637.622605
2025-12-31,006-3,003-5,1361108234.5748475
2026-01-31,006-3,003-5,1279851663.865829
2026-02-28,006-3,003-5,1452600796.1086636
2026-03-31,006-3,003-5,1350918492.9359198
