period_end,entity_id,projected_cash_eom,planned_capex,planned_opex_cf,planned_debt_repayment
2026-04-30,002-1,18324986088.53341,775603145.9999032,2320029064.0575094,840739733.4181888
2026-05-31,002-1,16476832796.540653,1984360460.410498,3800651795.19107,776264725.4558939
2026-06-30,002-1,14488416839.957563,2235985001.476599,3311380047.4943876,611471497.4630797
2026-07-31,002-1,11945680445.93089,2707244754.898008,3007779147.901812,1356004831.4717534
2026-08-31,002-1,10196879457.700247,1867220345.1626203,3427273569.7913876,334112248.63829136
2026-09-30,002-1,8872703214.350983,2989256612.8155584,3774390762.3607335,1409377224.180878
2026-10-31,002-1,5666032540.201757,593255076.6877799,3097270188.0475416,1245399746.1572053
2026-11-30,002-1,3030609859.545578,1993960476.3069117,3011608491.0021577,354612481.0004435
2026-12-31,002-1,982896269.6757164,3013680163.391848,3183317675.973114,426644936.2851984
2027-01-31,002-1,0.0,704042495.7353163,2493145374.474082,1584894199.2791877
2027-02-28,002-1,0.0,1984121056.544488,1828203349.3851697,653298781.0238305
2027-03-31,002-1,0.0,1427123953.1994343,2494007509.8907056,230394090.02927107
2026-04-30,002-2,110225792187.32188,15994537010.066322,16526209854.813993,1721852272.0059264
2026-05-31,002-2,110824507635.37271,14725415784.931513,20106025484.132957,2779843788.484077
2026-06-30,002-2,111557520578.88109,9766334144.091599,18425488012.328644,2578989152.1024365
2026-07-31,002-2,112056896570.66664,7566974891.532029,13479906629.8549,8664767395.246395
2026-08-31,002-2,112752733569.45862,3383709014.238028,21644043831.27834,3045528014.383777
2026-09-30,002-2,113084036406.66614,4323544980.891892,17237703865.2031,8173602969.286766
2026-10-31,002-2,114054563113.26117,8743393563.823992,20981900848.79946,7378401402.299553
2026-11-30,002-2,114782049923.89052,2496553867.285186,14983562366.0226,3330549875.3844285
2026-12-31,002-2,115218079534.63705,5981884192.055464,12787424117.664112,5645665947.993717
2027-01-31,002-2,115926312089.39438,10725912747.900606,9183775362.49647,4236656491.663741
2027-02-28,002-2,115934886322.03171,2262981894.3044147,7522095143.875446,5386683626.636339
2027-03-31,002-2,117061284484.14871,16042406663.971354,10281445530.517452,3835389960.892492
2026-04-30,002-3,18824466372.450306,694097333.7617306,2949583098.604512,842027945.0649394
2026-05-31,002-3,19121031810.016754,608601696.0354873,2029328345.2443435,912547536.0479796
2026-06-30,002-3,19400384554.671654,378559011.8353172,3200630635.519291,952596812.5644704
2026-07-31,002-3,19754199704.30328,2645239482.4312887,1329150820.695562,1270005861.2766793
2026-08-31,002-3,20055537001.168255,1478344172.1200128,1736121755.4729807,1048718644.7688159
2026-09-30,002-3,20302410423.375946,1746771168.3344324,2952932211.645124,245967400.08105803
2026-10-31,002-3,20676820454.40815,1567270074.546415,2178718028.7982807,768820977.9434311
2026-11-30,002-3,21090522257.535553,2334079984.405076,1062201581.9102931,902091134.7468467
2026-12-31,002-3,21140681959.329403,1912429694.9105558,3656247978.6865325,678941766.9075413
2027-01-31,002-3,21544924150.19407,2141511908.722098,2024451758.6985931,1007068586.8251116
2027-02-28,002-3,21840790900.819313,2278250967.8911953,1730073830.6044693,398550443.17646635
2027-03-31,002-3,22390373787.87166,1392202596.9537268,1230133386.1411498,237114690.9520514
2026-04-30,002-4,10030749596.225937,1391870604.0939593,1414821203.6812034,692125446.9309307
2026-05-31,002-4,9287397437.007462,389307834.24913347,1963891404.423405,527476601.8718288
2026-06-30,002-4,8456180771.02413,885721730.9970319,1647323917.2722108,792159061.4250286
2026-07-31,002-4,7791174642.241131,1546022443.896998,2013644614.659703,402523986.6631766
2026-08-31,002-4,7128805416.01113,465309206.3389503,1196974353.0501688,487362080.8318517
2026-09-30,002-4,6033688452.7076025,1332172167.5550344,1934161821.7296474,382542308.7535321
2026-10-31,002-4,5465860078.478671,412549966.29671246,1077955781.7174344,165438552.61839548
2026-11-30,002-4,4534902912.354767,1096314047.5805829,1193143150.034105,368232378.1540347
2026-12-31,002-4,3795068761.489621,1014345140.6647147,1762611891.8130658,256812516.50950706
2027-01-31,002-4,3531587715.008128,438963998.5440116,1388216470.0740948,818886192.1689894
2027-02-28,002-4,2488161912.411992,1466883322.5574908,2157207116.889021,439720142.66061
2027-03-31,002-4,1322371727.5499668,672397753.0862556,652588483.45473,714679230.1362847
2026-04-30,002-5,13081748993.400116,1433171015.3370204,747675739.2616636,921726944.4910374
2026-05-31,002-5,13245104042.911877,333407126.48858887,2437443117.1425447,280833870.4360282
2026-06-30,002-5,13425866381.061901,623368813.5957459,1643418745.1393247,269583812.84873164
2026-07-31,002-5,13578677009.712164,741948873.9597704,1736739562.0384784,428395173.61249083
2026-08-31,002-5,13756542141.398476,1151355047.6712408,908509063.7407866,130289476.38007493
2026-09-30,002-5,13885770195.653084,1184866411.223317,1548439739.3234031,793584112.4816885
2026-10-31,002-5,14150840313.344856,1622770250.5724957,1720157282.5042427,374502346.05595213
2026-11-30,002-5,14269296980.803541,760205402.5998245,2302093175.7614884,929376526.9256774
2026-12-31,002-5,14390572710.3734,583835008.9889466,1588815384.9634013,862704413.7200971
2027-01-31,002-5,14611551126.845528,970256767.2367169,829119186.6251742,195610361.99261937
2027-02-28,002-5,14748764229.460619,1213897813.5090234,1572571146.7142675,353154829.7214163
2027-03-31,002-5,14978954361.197575,952748053.2005095,1461391217.6753836,870236602.2111862
2026-04-30,002-6,36777865099.30875,1731082378.8893683,4879834091.945826,1910285736.0087795
2026-05-31,002-6,36687364839.15585,3951074148.9692683,5178355230.836218,1861131523.6690488
2026-06-30,002-6,36596069600.19128,2296611572.190872,2712525239.2191825,2907338788.3985486
2026-07-31,002-6,36496400609.94139,4905958907.379634,6427070750.571625,2545893635.3578997
2026-08-31,002-6,36444497153.40456,3602627524.5161023,4220497439.082576,2213036799.2419505
2026-09-30,002-6,36368641211.339836,1261672916.1519988,4974237888.151276,2292673260.2773294
2026-10-31,002-6,36328756198.92609,1462173077.024583,4165187070.0431437,2047122212.1770244
2026-11-30,002-6,36171070064.97318,3898414593.845353,2381105331.699714,1765394555.9058409
2026-12-31,002-6,36130594539.216255,2833024007.0542736,4913846243.696034,1091644724.8306258
2027-01-31,002-6,35957457880.89587,2053624338.0934951,7038547504.315568,2772161746.4183407
2027-02-28,002-6,35878076099.014435,1258148583.5434191,2259569596.863378,1329511432.8178115
2027-03-31,002-6,35855182732.089874,3328771668.9957786,5347545491.236717,1654955028.3276086
2026-04-30,003-1,33829849765.6002,2540892215.620535,1861762318.2994175,2178902163.2074475
2026-05-31,003-1,31996057350.98757,982993308.5792634,6567419283.024429,808045630.298049
2026-06-30,003-1,29773977700.186653,4700727798.622963,3637764911.677057,2839139102.268109
2026-07-31,003-1,28447374866.515232,2856215323.1347995,3443337137.7301455,1691838554.4724581
2026-08-31,003-1,26308925827.2352,1160809232.4961011,2285228948.75522,1975528224.1366313
2026-09-30,003-1,24494374125.64655,1742366762.8829374,4095832160.064515,1289527150.82781
2026-10-31,003-1,22989070037.54187,4162673712.268343,5388387949.248672,647059926.8597324
2026-11-30,003-1,20050947380.255325,3146193377.008966,6907909537.763048,528219345.0846558
2026-12-31,003-1,17933853782.41341,1885198027.2187474,3516870965.817988,1356582244.0292103
2027-01-31,003-1,15626418761.680176,5259237546.391472,4671666171.55175,1618100480.7588778
2027-02-28,003-1,15633833773.214901,2691027111.5315647,6724452526.759829,1004619455.5023763
2027-03-31,003-1,13362951511.363625,3955868818.5469155,5012455117.80897,468281560.3132034
2026-04-30,003-1-1,23398225649.317352,3164044135.482501,4345679039.402444,1251885518.6072447
2026-05-31,003-1-1,23908887320.584908,1874984343.6166718,4257061028.165678,436124531.6173062
2026-06-30,003-1-1,24297767139.27285,1606029208.8875308,2284157386.2067914,588754277.0836242
2026-07-31,003-1-1,24677983413.87597,831145691.0917683,1294656428.1604385,1507562826.424964
2026-08-31,003-1-1,25010119517.69804,866038866.8235446,2872445617.801243,1017860097.4947426
2026-09-30,003-1-1,25718738700.06119,1458266424.2237563,2069312920.5863383,1053081637.6310512
2026-10-31,003-1-1,26092961176.95889,3407319807.5028067,1939247259.3578675,1586852786.6945508
2026-11-30,003-1-1,26275509364.215767,1341649282.1682713,1693444573.4009614,1373153496.3547444
2026-12-31,003-1-1,26879730648.401104,939589588.5987109,4003834689.1027365,1671914304.86217
2027-01-31,003-1-1,27433789296.02345,3065748111.528575,2613216292.1548576,1281366620.0839553
2027-02-28,003-1-1,27656111711.06114,3016405050.985069,3960541643.787989,796368502.819354
2027-03-31,003-1-1,28178472077.1082,1786797823.4406984,4066898601.345747,950518071.0177431
2026-04-30,003-2,14467169322.939373,1967651873.3988562,2274919610.088955,492566569.33091205
2026-05-31,003-2,14754107677.083149,1367980849.5791676,813144599.4922138,1053723735.5490116
2026-06-30,003-2,14936088126.90533,500375689.31499416,1766222888.2419536,426942927.4201251
2026-07-31,003-2,15253922952.250628,1639951196.5589457,2554900975.5330305,1075576076.6310554
2026-08-31,003-2,15508313346.822035,2062284154.8809257,1062099139.1786077,1058683733.5387942
2026-09-30,003-2,15741583547.54372,1373859120.824592,2840274044.8375044,957448908.2006574
2026-10-31,003-2,15988598820.363232,944983197.1971318,2666624546.524124,1006306854.2447044
2026-11-30,003-2,16312722248.009747,757901322.4475296,914152555.1817544,246053934.4636589
2026-12-31,003-2,16343513162.39136,1393278578.4559162,1612654836.6190414,1043825774.5875651
2027-01-31,003-2,16897901341.495579,593486531.1582175,2144306989.6275873,723205190.3314525
2027-02-28,003-2,17019942906.15415,1800195583.1078794,1691338586.6958416,187401537.85504135
2027-03-31,003-2,17209654295.136173,292832697.07008284,1968306089.1650913,412959657.17979795
2026-04-30,003-3,12454434507.97078,1367678677.0808535,1568802022.885457,341066950.3854661
2026-05-31,003-3,12452958877.18735,1788862416.6232567,1454062393.2772288,153467090.7376215
2026-06-30,003-3,12452191003.03699,637606940.9982525,1992204931.6675832,207058488.17031777
2026-07-31,003-3,12450159843.047361,1476002415.4594188,1512327500.4263313,328194672.1463883
2026-08-31,003-3,12448610946.001184,1141076725.647345,2218191277.9695263,601030500.5485287
2026-09-30,003-3,12447854147.48094,1461041750.6533852,1780138682.4629626,937509236.4295765
2026-10-31,003-3,12445869064.042482,371503502.3793044,936954983.6197938,754586633.9090834
2026-11-30,003-3,12444009925.119745,1062756821.1466389,1362152054.557044,951814822.0603025
2026-12-31,003-3,12443737332.871094,386885994.68762106,1187294779.8346632,397148321.37686485
2027-01-31,003-3,12441201120.415812,901822599.1222093,1404364842.3328836,725121077.7021939
2027-02-28,003-3,12440238567.43888,860731059.1944288,2341069173.3240294,622374270.0207807
2027-03-31,003-3,12438830892.069458,585357565.7911831,2310060169.3324275,757544422.0051814
2026-04-30,003-3-1,37522287049.57485,1862549046.3566704,3687953440.237987,1921383202.750922
2026-05-31,003-3-1,38292129684.77887,4681265537.497606,7242385492.497149,784921120.7729118
2026-06-30,003-3-1,38913407513.998924,4572283343.3344345,6147912155.932746,2134542138.53934
2026-07-31,003-3-1,39693032072.79383,1543372782.3592827,3220836718.268105,2934465594.69533
2026-08-31,003-3-1,40463137984.597275,3941257149.3129945,3423821333.824604,2351111348.6073155
2026-09-30,003-3-1,40707868614.719955,3745014479.669065,6831899540.73724,1919279261.989732
2026-10-31,003-3-1,41490362804.83191,4798008834.486879,1953271895.5179627,2780143724.908438
2026-11-30,003-3-1,42351632143.795105,3823761924.0957108,5173332293.465321,2829772222.906976
2026-12-31,003-3-1,42990597314.67152,4151594531.1737213,2910817915.246181,2377051422.5582843
2027-01-31,003-3-1,43889374458.19243,1924703474.9069006,4227659785.0481477,1148417031.3810468
2027-02-28,003-3-1,44279494023.38784,3669854494.0570755,2875742183.622345,418625398.6941171
2027-03-31,003-3-1,45193481087.39264,4031719770.689649,6671155132.472301,1235870841.6132102
2026-04-30,003-4,40966994804.90191,4441372119.077288,4982886469.934647,1660168770.1983368
2026-05-31,003-4,41221941570.20505,861125966.1160034,7299238386.196574,1749398464.15759
2026-06-30,003-4,41412874573.04345,4612633176.884757,7843638774.304172,1434436374.965336
2026-07-31,003-4,41650990507.3242,1877496671.8421955,2129433851.3661256,1807131282.9196103
2026-08-31,003-4,41822159021.70873,3878388407.9465594,4472758123.230696,791922431.918887
2026-09-30,003-4,42146643245.35056,5461066725.300913,4463748200.988692,2724945863.3217015
2026-10-31,003-4,42282545335.75234,4805114135.605634,5252609303.003781,2086336007.745294
2026-11-30,003-4,42476851004.59026,1961936294.752014,5848972457.852913,3184254160.0499315
2026-12-31,003-4,42742200137.69206,2690568321.557156,7260162468.031527,1333033327.174001
2027-01-31,003-4,43071753310.2806,5586539620.154424,2062348329.866713,1695119892.6332147
2027-02-28,003-4,43249046446.50144,2103003722.0070257,3694966956.9433613,1620645350.555773
2027-03-31,003-4,43401984361.95341,2423669329.763991,6962138859.972533,2478576370.6730757
2026-04-30,003-5,38213915836.52322,2840231322.704454,4042990635.659579,1437240794.8617663
2026-05-31,003-5,38732545871.5433,5123627684.192548,7180976602.384181,2519678014.0724297
2026-06-30,003-5,39283262966.65436,4235010729.7626834,2887991422.4164796,969104813.8568819
2026-07-31,003-5,39819136062.57998,3177244095.46533,5937510429.885298,766813045.1274166
2026-08-31,003-5,40464352730.91048,5397894674.906536,5386945758.102386,643021066.1379365
2026-09-30,003-5,40995562265.628815,2217167103.484626,6971352029.068809,1264019937.9089508
2026-10-31,003-5,41318654874.52661,4737249217.209437,3428872596.2337565,1695805465.5747843
2026-11-30,003-5,42037019666.34157,3885421140.8636107,3117782473.1355543,1973124502.5240872
2026-12-31,003-5,42093788111.02599,1606466651.82476,2108694607.7606187,1293925906.189809
2027-01-31,003-5,43222533204.586716,5064281513.485695,6632642703.75355,2871416216.613945
2027-02-28,003-5,43352360054.01258,1267144420.7044468,2905972128.302912,550173087.7224909
2027-03-31,003-5,44372405987.415306,5220076597.03527,1978443365.1976135,2507943742.2251735
2026-04-30,003-6,15616900061.209717,519890388.565531,2902948220.8452206,424364648.1359195
2026-05-31,003-6,15561845776.51628,893613130.3493966,2361127515.9423223,1243197989.1421814
2026-06-30,003-6,15503094199.885843,365271205.6872394,853506285.0156367,382796732.2927975
2026-07-31,003-6,15469476732.830992,1031999715.0999632,863943441.3502147,974211108.1926959
2026-08-31,003-6,15397704426.092993,2341895228.3190627,2194785617.437352,1096197330.5489466
2026-09-30,003-6,15331492559.205112,2015017835.3988197,1900242578.0007255,725392351.8238091
2026-10-31,003-6,15302249584.585554,1820237566.2410748,1757473016.8457856,304889092.9649994
2026-11-30,003-6,15266664675.48569,1948784005.850256,2926548458.2676983,1028312283.8788913
2026-12-31,003-6,15201796882.369112,2134113751.1673257,1295412805.7467637,286865896.29868615
2027-01-31,003-6,15148219020.732533,1170924188.606232,2398942623.680073,677716633.8810033
2027-02-28,003-6,15086725320.589489,2130300521.823894,1282758154.4387324,422379132.22714055
2027-03-31,003-6,15024467890.152805,2268717165.328884,3014478425.8803296,243093916.38842124
2026-04-30,003-7,28970212898.03952,1133035993.6682155,4330424932.307794,644094524.9760588
2026-05-31,003-7,29008875087.515705,3982811003.255134,3761840307.2487655,1034765975.6546081
2026-06-30,003-7,29053823707.349087,2244547414.6167073,3250475195.348699,1744654329.9559622
2026-07-31,003-7,29086793184.89956,790672682.7100091,3076526348.655399,864986890.7900319
2026-08-31,003-7,29136239206.928127,3254991640.5247197,4978024709.682029,1127444365.0892427
2026-09-30,003-7,29165744735.29539,2423898967.935877,5182945574.231956,507115218.8692056
2026-10-31,003-7,29195388179.416634,1874986280.965288,3068188914.5945773,1357883319.527258
2026-11-30,003-7,29241777257.40483,1775350897.763217,2559849897.5180573,983134820.1739631
2026-12-31,003-7,29286431717.906635,1283629233.937592,5655482903.849777,1690843306.1657026
2027-01-31,003-7,29335637982.162098,779505825.3306382,1596515043.9609451,811789240.2690153
2027-02-28,003-7,29374726928.026157,1462365514.2664516,4827900306.252776,1886791459.8398738
2027-03-31,003-7,29397306417.979942,2883554970.7599626,2048187124.6529229,1621739181.5334322
2026-04-30,006-1,26784046224.74123,1851757001.2144027,4713846339.6081,935235893.8649087
2026-05-31,006-1,26910247586.84401,1095394968.9217641,4030812024.518754,1713663746.1357021
2026-06-30,006-1,27027281177.816833,2708727334.2728996,1725768724.9686816,1773842614.2444682
2026-07-31,006-1,27206280964.886246,3445253428.010037,3771340209.3756595,1823758819.9038723
2026-08-31,006-1,27283029341.885193,2907344143.9535775,3708361726.498729,778215770.9085395
2026-09-30,006-1,27441777647.021755,670438211.0492779,4724554993.525066,1417375085.2547042
2026-10-31,006-1,27557855279.4167,764136645.5032235,4578878377.631803,1581817478.7377841
2026-11-30,006-1,27663798144.709736,2797276462.1428537,2157441326.577415,914222454.1627518
2026-12-31,006-1,27750051153.75976,2252274343.5185294,4713392920.625862,925488445.7345728
2027-01-31,006-1,27988595460.460846,1409300870.0976324,5166354134.768847,2079438640.3993297
2027-02-28,006-1,28111655899.75186,2313723433.1059456,3111115391.9754157,929778368.1579069
2027-03-31,006-1,28108769092.55602,3407350609.1141915,4392193990.029126,1180715376.9350796
2026-04-30,006-2,26402389493.13601,1292727077.472562,4578953548.234945,614013571.3195235
2026-05-31,006-2,26374724263.912918,1231196254.1367056,2685311248.9151425,658776640.7086792
2026-06-30,006-2,26354067442.692368,2426646573.2007575,1872823248.6135216,1509906681.7528512
2026-07-31,006-2,26329467355.175465,2009231644.956962,5212391271.279207,1831990466.797324
2026-08-31,006-2,26305734704.923225,2912838054.5331745,3383152593.7535753,892226867.0707428
2026-09-30,006-2,26267817734.397953,3628340152.6274257,4675675600.72444,782359563.5429327
2026-10-31,006-2,26250832468.928074,1495061479.9909484,4130030822.8823967,885743277.1808851
2026-11-30,006-2,26224229349.176872,3405425558.9986415,5120571005.31306,1320195164.9030538
2026-12-31,006-2,26219143065.065716,1504930929.123386,1577979676.9891057,460667364.5239023
2027-01-31,006-2,26183304371.52689,713619091.8373541,2889426749.9367537,390216010.27882403
2027-02-28,006-2,26151282973.257923,649665501.1400639,5245828016.212233,1352566022.6103299
2027-03-31,006-2,26128224797.094418,934484657.6271796,2938632058.2439995,1069411940.073544
2026-04-30,006-3,45400759300.145195,6495340394.66472,2491899276.9031124,841804606.5860008
2026-05-31,006-3,45438621353.24209,1851888904.6381168,4796164189.192834,3250645556.023543
2026-06-30,006-3,45462374932.92687,5946034263.890933,5845554294.954545,470447619.2049908
2026-07-31,006-3,45501250067.85712,4070103028.6882463,5688839354.619782,2181392165.9925666
2026-08-31,006-3,45539526605.99742,1657462655.2097638,5594811498.646304,1269439807.013098
2026-09-30,006-3,45561813223.062065,1770945303.191724,2420438994.012059,3403923772.533288
2026-10-31,006-3,45593739218.50883,3400886259.72231,4630982595.96301,3110712532.295189
2026-11-30,006-3,45632427814.83154,2382862549.6552777,2889387007.297283,1264024565.3436458
2026-12-31,006-3,45667477114.29411,6123013516.180347,2516264366.013733,1504478713.872537
2027-01-31,006-3,45682964743.06141,5296322405.844044,3704672068.0726457,3394351953.505246
2027-02-28,006-3,45716770512.57202,4452863676.965017,7375777430.889664,2488019327.25032
2027-03-31,006-3,45741256099.28518,1932388488.627097,6411347964.913805,2683001650.2228107
2026-04-30,006-4,28837237745.63495,2448344516.449667,3801582663.57721,2159270643.899807
2026-05-31,006-4,29368617877.763596,3773079146.858695,5222195636.294828,1886436189.0045567
2026-06-30,006-4,29929832058.75157,857678030.8628923,5473883197.336601,1845768256.9494832
2026-07-31,006-4,30173907465.77305,2030068637.7193034,4431492354.579759,1654903314.961104
2026-08-31,006-4,30754758701.753258,2630446477.225855,3034408338.9476314,1463207889.0650144
2026-09-30,006-4,31304651055.402794,1718204811.8408804,3279858979.60416,2117176736.5280416
2026-10-31,006-4,32097178921.810143,3338813926.501478,1907387766.104016,574474946.2360182
2026-11-30,006-4,32245331399.623966,1341409516.0819104,2978646536.798189,1406523479.0171127
2026-12-31,006-4,32724087519.370262,1574398664.394153,4310060754.278408,538394092.050692
2027-01-31,006-4,33412923911.157253,592407280.6252149,2202091140.78928,1497036022.4267092
2027-02-28,006-4,33673976243.000957,911894345.3313975,3680804871.213636,2187255691.7038946
2027-03-31,006-4,34489550835.64213,1532192367.2030177,4436374370.5877075,619269644.7183213
2026-04-30,006-5,39719251904.33826,4949338129.343024,6892233243.931206,2934410363.481715
2026-05-31,006-5,40440530743.21539,3273680768.3531027,3810443031.6591215,1419513082.2188084
2026-06-30,006-5,41264490156.37061,4720827368.453116,7496044879.469442,2603279726.175635
2026-07-31,006-5,41915153655.729004,4349728919.738833,7152201889.486273,827597195.2246547
2026-08-31,006-5,42925820909.81917,2411816262.2323217,5535509243.026596,924477207.4772594
2026-09-30,006-5,43720480882.70481,3844051700.227828,7119350511.511202,1755026556.6975977
2026-10-31,006-5,44149230532.148224,3097405648.8435454,2685465122.479288,1825806740.6591759
2026-11-30,006-5,45062668105.50465,2660705819.130819,3985097347.2611527,515930365.9215144
2026-12-31,006-5,45988433635.00921,1598587111.1566732,6151065325.386718,1821584956.062214
2027-01-31,006-5,46372957018.7877,1754270962.641702,5985068152.015937,2431188794.615254
2027-02-28,006-5,47030647274.98199,1638379657.035199,5619955266.107351,2784176554.7439504
2027-03-31,006-5,48160131165.07472,4784888013.619715,2014856547.5941596,685352854.8777772
2026-04-30,007,24467174768.416084,2928956783.620448,3638438595.6781282,347417146.99535495
2026-05-31,007,24305140270.8365,1524255378.3583655,2005727680.7357218,1426387547.2774615
2026-06-30,007,24163371676.381824,2017014296.588325,3594304550.176205,1401311826.5805535
2026-07-31,007,23976134444.4413,2257346980.069225,2525241967.9451876,895870729.8974926
2026-08-31,007,23830864874.10042,793095865.7917712,1530268030.487908,309619302.2781032
2026-09-30,007,23649598331.80146,2571849203.3181148,4074248781.1730404,941502656.183661
2026-10-31,007,23462388959.56888,3477584625.306071,3049083391.1524115,1831793629.8415165
2026-11-30,007,23370090789.72908,1132682161.834511,4671553712.139925,651792046.808401
2026-12-31,007,23186831809.793312,3246588833.0842333,2624846843.835876,965032428.0576661
2027-01-31,007,23088333764.96972,2430179322.2641644,2891105508.063214,435278469.56788194
2027-02-28,007,22818656869.754265,1858550959.986538,4914095962.791822,1209622629.9947593
2027-03-31,007,22698494573.290684,2959288886.319239,2735876336.0420184,1379458003.241561
2026-04-30,002-7,30094668549.203613,1918962268.6307862,5370779958.074712,823778162.1703562
2026-05-31,002-7,30038548121.60119,2162030374.067167,2319740925.3908243,2106626019.7814813
2026-06-30,002-7,29989892993.792374,3344434978.160847,3320756440.234021,1077454312.8895028
2026-07-31,002-7,29941861904.270527,3635297155.6161985,1936115043.647833,1155099252.9383242
2026-08-31,002-7,29864628839.266182,4297144755.140651,5428085149.990831,979907529.4230286
2026-09-30,002-7,29791577220.266827,3172554141.8551655,1578756791.1649652,403954323.5821873
2026-10-31,002-7,29755230115.479897,1489911904.4204564,2306327955.5792503,1503899391.3549259
2026-11-30,002-7,29679440409.710903,1528427847.8359206,4832721981.823637,728733818.80506
2026-12-31,002-7,29634594552.975945,846917491.3820359,4951530157.965294,375027808.56465083
2027-01-31,002-7,29536815486.226727,2768657330.3725495,2562144725.4011755,841239542.1233269
2027-02-28,002-7,29510111060.947052,2990544488.989179,2258920698.941897,2050440660.2110147
2027-03-31,002-7,29413416725.157772,2293260514.7418237,4164329516.465165,2010294170.5405133
2026-04-30,002-8,38007401300.53024,3692842503.9002233,6529479153.554351,2062157637.4828491
2026-05-31,002-8,38228652226.418304,1822609471.475306,2607746765.173165,2357593952.4456854
2026-06-30,002-8,38418080602.422745,1906595862.9164214,2220521203.650116,1695392088.7832131
2026-07-31,002-8,38695847378.723724,1618311451.2485962,4780971749.17422,2327630656.722931
2026-08-31,002-8,38795869406.53077,1564664710.2073596,6736061348.091209,1429992049.5442119
2026-09-30,002-8,39153333160.42883,4999298539.171286,5515423396.914709,1704573987.570357
2026-10-31,002-8,39557606300.64362,3461162338.310951,3955065202.051081,2478261198.2916064
2026-11-30,002-8,39436980220.28478,3705557557.8820186,5233435127.4619055,2299834019.0736613
2026-12-31,002-8,39825586680.60561,3932862156.5621552,4072205475.7241917,1297633962.668741
2027-01-31,002-8,40063542360.21512,3967793691.9617,6797161743.72732,1063851049.1058701
2027-02-28,002-8,40274930557.15358,3278283863.749536,4958234336.92734,1067389694.8324529
2027-03-31,002-8,40432760441.06165,1086335967.4820209,3138698046.089783,2563504141.6180434
2026-04-30,002-9,9378325909.351015,333573687.1503856,857191431.6224893,106303096.37304816
2026-05-31,002-9,9606740221.244919,1042256977.4436604,1156434224.6329722,491353254.54255927
2026-06-30,002-9,9796836505.46889,1263711473.2432978,777319907.3821802,665593346.6573473
2026-07-31,002-9,10040421812.53962,1282774324.9653578,1149672056.7665915,424604777.1471114
2026-08-31,002-9,10227421027.199425,1295651129.328191,1536019402.8363688,502003199.7168021
2026-09-30,002-9,10446154708.804115,1324536620.6300607,1263030245.3102367,698574928.9271802
2026-10-31,002-9,10742657946.597502,526539533.13581085,1606439645.8538423,175127776.58360156
2026-11-30,002-9,10806550177.312578,866174882.7169087,1658861197.1580095,382539075.2900569
2026-12-31,002-9,11023312931.415123,616946732.9991137,474762378.5647361,471437263.0864917
2027-01-31,002-9,11278682028.494291,1046139636.0887175,466297231.0862662,164471275.90322667
2027-02-28,002-9,11586445631.689018,751991058.9950982,1443921690.5382798,163900193.2325885
2027-03-31,002-9,11667853539.11221,1118280452.137503,645514116.1070695,694401619.4091923
2026-04-30,003-8,21365424760.227898,717010412.7879186,1718454572.195256,946963039.1146045
2026-05-31,003-8,21842645094.686954,1852899664.6431625,4032536755.973819,503694175.8402929
2026-06-30,003-8,22253931326.25687,1046156204.9265337,3023531240.1287384,1306679531.8043842
2026-07-31,003-8,22456676160.346954,2500979227.665127,3278999393.448742,600999421.2637148
2026-08-31,003-8,23058725023.796764,2306794938.6203146,3104563477.515279,1472101302.9246716
2026-09-30,003-8,23214220807.608334,1696756716.207006,2716427559.943623,1457959669.3892932
2026-10-31,003-8,23855792411.113785,695112268.7044414,1644576527.7515278,368985815.12287295
2026-11-30,003-8,24026316271.84051,837105537.3320328,2429688437.895332,1388227860.428053
2026-12-31,003-8,24523884594.693428,1737128183.1277423,1180400169.8169188,806143670.576774
2027-01-31,003-8,24885085805.64366,2088128254.209027,3373012912.6862173,1070484891.7022915
2027-02-28,003-8,25474296893.97811,482830889.62995404,1803796141.5499837,664461148.6226313
2027-03-31,003-8,25602689701.001778,1236976227.2480767,2620136348.7194204,1251116315.6110096
2026-04-30,003-9,17001814931.609404,1282432232.9246936,2169380495.009904,802696217.1917872
2026-05-31,003-9,17054991954.032322,2496709668.7076707,2156775474.0522842,1098494517.247192
2026-06-30,003-9,17113414177.254591,752569817.5657127,1623712878.3084073,617469128.5722151
2026-07-31,003-9,17168015971.704947,2347822335.3387465,1866835049.213213,574547342.9845153
2026-08-31,003-9,17219538701.55304,2296734242.3748164,1862194454.0149653,908980361.9885346
2026-09-30,003-9,17257348633.023125,914683891.6592818,2772123197.8285203,1170529929.0244067
2026-10-31,003-9,17347166317.070618,1785602770.0925639,3338380609.1763096,1146650280.356698
2026-11-30,003-9,17390050365.180477,1400100484.1661386,2089998915.2793195,1323957460.2160873
2026-12-31,003-9,17432112065.69975,2339298813.0968757,1975354133.3261082,394578743.0201076
2027-01-31,003-9,17518449821.56854,468648577.6953436,1957740783.2686667,769665932.4976025
2027-02-28,003-9,17546605027.50821,1409890901.460235,2775075632.086333,845541996.4013566
2027-03-31,003-9,17582488652.0642,770600228.2474828,1968867467.2194061,903771380.3329039
2026-04-30,006-6,17222158863.17719,1786580960.3890939,1907644250.3750503,516143283.0579679
2026-05-31,006-6,17533712913.159042,772982375.1445577,3149514246.3664823,583990313.3093258
2026-06-30,006-6,17850151211.596725,757823302.2568487,2228343965.400711,308127417.80757594
2026-07-31,006-6,18168469125.379383,926398212.5307115,1822917905.5087507,972142345.2557731
2026-08-31,006-6,18591397309.11541,2489821571.553019,1903045618.337893,396239136.66549087
2026-09-30,006-6,18780013692.708443,1442563545.6760268,2120699657.8969433,478997895.59947836
2026-10-31,006-6,18937419166.720818,2290658708.255593,1183935605.1604617,1047912125.0206267
2026-11-30,006-6,19528588795.781754,2334361469.217143,3100737975.197421,695975310.7490264
2026-12-31,006-6,19532153986.881542,1457411125.5061765,2414129918.47636,558763174.8573397
2027-01-31,006-6,20091355590.966232,2265871642.3079147,1467582588.8675697,1296268126.3472333
2027-02-28,006-6,20268220422.85626,789715024.6035511,2639271678.3635364,537030323.8993239
2027-03-31,006-6,20685094749.125614,691177158.5994169,1683997176.782015,587517009.5979089
