period_end,entity_id,credit_limit,credit_utilized,interest_rate
2022-04-30,002-1,402771165140.05634,256821056240.3544,0.06586500948973585
2022-05-31,002-1,402771165140.05634,282087710740.6441,0.06586500948973585
2022-06-30,002-1,402771165140.05634,274342355109.7554,0.06586500948973585
2022-07-31,002-1,402771165140.05634,263711750048.9357,0.06586500948973585
2022-08-31,002-1,402771165140.05634,272735760304.48434,0.06586500948973585
2022-09-30,002-1,402771165140.05634,269343842382.1792,0.06586500948973585
2022-10-31,002-1,402771165140.05634,280453178585.48236,0.06586500948973585
2022-11-30,002-1,402771165140.05634,266671951855.5311,0.06586500948973585
2022-12-31,002-1,402771165140.05634,273771404848.69324,0.06586500948973585
2023-01-31,002-1,402771165140.05634,263524639230.90292,0.06586500948973585
2023-02-28,002-1,402771165140.05634,259695358184.63638,0.06586500948973585
2023-03-31,002-1,402771165140.05634,273100093644.09793,0.06586500948973585
2023-04-30,002-1,402771165140.05634,260191675027.23026,0.06586500948973585
2023-05-31,002-1,402771165140.05634,280700959473.6305,0.06586500948973585
2023-06-30,002-1,402771165140.05634,278183465380.945,0.06586500948973585
2023-07-31,002-1,402771165140.05634,261782458538.96634,0.06586500948973585
2023-08-31,002-1,402771165140.05634,273610577579.2714,0.06586500948973585
2023-09-30,002-1,402771165140.05634,261727052000.40872,0.06586500948973585
2023-10-31,002-1,402771165140.05634,251642311629.12457,0.06586500948973585
2023-11-30,002-1,402771165140.05634,263811087474.072,0.06586500948973585
2023-12-31,002-1,402771165140.05634,270419454731.81052,0.06586500948973585
2024-01-31,002-1,402771165140.05634,277327691759.80865,0.06586500948973585
2024-02-29,002-1,402771165140.05634,272833625943.198,0.06586500948973585
2024-03-31,002-1,402771165140.05634,281994994638.26935,0.06586500948973585
2024-04-30,002-1,402771165140.05634,259171876508.65637,0.06586500948973585
2024-05-31,002-1,402771165140.05634,266475742312.20737,0.06586500948973585
2024-06-30,002-1,402771165140.05634,290896544542.01825,0.06586500948973585
2024-07-31,002-1,402771165140.05634,247693938883.20847,0.06586500948973585
2024-08-31,002-1,402771165140.05634,265566414898.74387,0.06586500948973585
2024-09-30,002-1,402771165140.05634,258080433796.95383,0.06586500948973585
2024-10-31,002-1,402771165140.05634,268666414481.9425,0.06586500948973585
2024-11-30,002-1,402771165140.05634,265777952149.17575,0.06586500948973585
2024-12-31,002-1,402771165140.05634,278303365192.2291,0.06586500948973585
2025-01-31,002-1,402771165140.05634,274114930381.61188,0.06586500948973585
2025-02-28,002-1,402771165140.05634,255251486450.41116,0.06586500948973585
2025-03-31,002-1,402771165140.05634,263920598065.21423,0.06586500948973585
2025-04-30,002-1,402771165140.05634,271026025449.99826,0.06586500948973585
2025-05-31,002-1,402771165140.05634,279961478774.7806,0.06586500948973585
2025-06-30,002-1,402771165140.05634,300425178895.8409,0.06586500948973585
2025-07-31,002-1,402771165140.05634,279519416133.5732,0.06586500948973585
2025-08-31,002-1,402771165140.05634,258793266589.2623,0.06586500948973585
2025-09-30,002-1,402771165140.05634,269893494884.58017,0.06586500948973585
2025-10-31,002-1,402771165140.05634,273214199558.47168,0.06586500948973585
2025-11-30,002-1,402771165140.05634,264751569790.03918,0.06586500948973585
2025-12-31,002-1,402771165140.05634,276709628302.7541,0.06586500948973585
2026-01-31,002-1,402771165140.05634,243582083879.35544,0.06586500948973585
2026-02-28,002-1,402771165140.05634,277711221294.752,0.06586500948973585
2026-03-31,002-1,402771165140.05634,265271186254.66852,0.06586500948973585
2022-04-30,002-2,79643330580.2372,59240596910.39258,0.08235905963904509
2022-05-31,002-2,79643330580.2372,52724402329.7448,0.08235905963904509
2022-06-30,002-2,79643330580.2372,56390153363.07831,0.08235905963904509
2022-07-31,002-2,79643330580.2372,57635461976.38268,0.08235905963904509
2022-08-31,002-2,79643330580.2372,56145530098.94973,0.08235905963904509
2022-09-30,002-2,79643330580.2372,51881755670.97629,0.08235905963904509
2022-10-31,002-2,79643330580.2372,58965047763.31276,0.08235905963904509
2022-11-30,002-2,79643330580.2372,55233556998.05528,0.08235905963904509
2022-12-31,002-2,79643330580.2372,54478091903.71454,0.08235905963904509
2023-01-31,002-2,79643330580.2372,54996708488.45498,0.08235905963904509
2023-02-28,002-2,79643330580.2372,54825482872.76778,0.08235905963904509
2023-03-31,002-2,79643330580.2372,52894849019.43418,0.08235905963904509
2023-04-30,002-2,79643330580.2372,56132661634.92564,0.08235905963904509
2023-05-31,002-2,79643330580.2372,54311576436.75313,0.08235905963904509
2023-06-30,002-2,79643330580.2372,57341498506.47183,0.08235905963904509
2023-07-31,002-2,79643330580.2372,56975236083.37989,0.08235905963904509
2023-08-31,002-2,79643330580.2372,59622757004.49339,0.08235905963904509
2023-09-30,002-2,79643330580.2372,55232890161.2539,0.08235905963904509
2023-10-31,002-2,79643330580.2372,53819340649.40618,0.08235905963904509
2023-11-30,002-2,79643330580.2372,52226889973.24473,0.08235905963904509
2023-12-31,002-2,79643330580.2372,60979100384.42884,0.08235905963904509
2024-01-31,002-2,79643330580.2372,57320519794.625435,0.08235905963904509
2024-02-29,002-2,79643330580.2372,54084146352.74893,0.08235905963904509
2024-03-31,002-2,79643330580.2372,59784000528.17825,0.08235905963904509
2024-04-30,002-2,79643330580.2372,58978823885.04438,0.08235905963904509
2024-05-31,002-2,79643330580.2372,52509937988.2247,0.08235905963904509
2024-06-30,002-2,79643330580.2372,53938267756.42838,0.08235905963904509
2024-07-31,002-2,79643330580.2372,55422381471.62227,0.08235905963904509
2024-08-31,002-2,79643330580.2372,53181790981.73877,0.08235905963904509
2024-09-30,002-2,79643330580.2372,55507787910.47872,0.08235905963904509
2024-10-31,002-2,79643330580.2372,57439635833.06044,0.08235905963904509
2024-11-30,002-2,79643330580.2372,52457413157.86697,0.08235905963904509
2024-12-31,002-2,79643330580.2372,56438611398.30921,0.08235905963904509
2025-01-31,002-2,79643330580.2372,58530437329.4266,0.08235905963904509
2025-02-28,002-2,79643330580.2372,56694791397.86856,0.08235905963904509
2025-03-31,002-2,79643330580.2372,55557875063.00415,0.08235905963904509
2025-04-30,002-2,79643330580.2372,54142249734.25975,0.08235905963904509
2025-05-31,002-2,79643330580.2372,57723675629.62021,0.08235905963904509
2025-06-30,002-2,79643330580.2372,52926530086.72371,0.08235905963904509
2025-07-31,002-2,79643330580.2372,56318647667.43155,0.08235905963904509
2025-08-31,002-2,79643330580.2372,55799509952.11172,0.08235905963904509
2025-09-30,002-2,79643330580.2372,58427967545.19025,0.08235905963904509
2025-10-31,002-2,79643330580.2372,54346183646.54385,0.08235905963904509
2025-11-30,002-2,79643330580.2372,54549305078.98806,0.08235905963904509
2025-12-31,002-2,79643330580.2372,52771357580.40439,0.08235905963904509
2026-01-31,002-2,79643330580.2372,56783348494.421036,0.08235905963904509
2026-02-28,002-2,79643330580.2372,54725922054.48207,0.08235905963904509
2026-03-31,002-2,79643330580.2372,53678791930.54517,0.08235905963904509
2022-04-30,002-3,324482267885.2743,186754671362.22064,0.10214359156891097
2022-05-31,002-3,324482267885.2743,170789501344.50226,0.10214359156891097
2022-06-30,002-3,324482267885.2743,171653868904.78278,0.10214359156891097
2022-07-31,002-3,324482267885.2743,190251836720.54544,0.10214359156891097
2022-08-31,002-3,324482267885.2743,179909139639.01608,0.10214359156891097
2022-09-30,002-3,324482267885.2743,190826984724.8436,0.10214359156891097
2022-10-31,002-3,324482267885.2743,178028097376.7643,0.10214359156891097
2022-11-30,002-3,324482267885.2743,181515275042.9538,0.10214359156891097
2022-12-31,002-3,324482267885.2743,183047725341.44315,0.10214359156891097
2023-01-31,002-3,324482267885.2743,195030728899.73962,0.10214359156891097
2023-02-28,002-3,324482267885.2743,194238212361.19656,0.10214359156891097
2023-03-31,002-3,324482267885.2743,192752384161.50107,0.10214359156891097
2023-04-30,002-3,324482267885.2743,175405017884.472,0.10214359156891097
2023-05-31,002-3,324482267885.2743,171919974173.95126,0.10214359156891097
2023-06-30,002-3,324482267885.2743,188932135254.29547,0.10214359156891097
2023-07-31,002-3,324482267885.2743,194928258390.71143,0.10214359156891097
2023-08-31,002-3,324482267885.2743,192845656854.76373,0.10214359156891097
2023-09-30,002-3,324482267885.2743,181653262653.05573,0.10214359156891097
2023-10-31,002-3,324482267885.2743,188611064091.45407,0.10214359156891097
2023-11-30,002-3,324482267885.2743,188782187358.44504,0.10214359156891097
2023-12-31,002-3,324482267885.2743,182976113916.60132,0.10214359156891097
2024-01-31,002-3,324482267885.2743,183398889975.7219,0.10214359156891097
2024-02-29,002-3,324482267885.2743,182482114442.08868,0.10214359156891097
2024-03-31,002-3,324482267885.2743,173854534561.7169,0.10214359156891097
2024-04-30,002-3,324482267885.2743,174847879549.8514,0.10214359156891097
2024-05-31,002-3,324482267885.2743,174697599572.57346,0.10214359156891097
2024-06-30,002-3,324482267885.2743,165958515788.165,0.10214359156891097
2024-07-31,002-3,324482267885.2743,182916900471.12085,0.10214359156891097
2024-08-31,002-3,324482267885.2743,181131274873.62012,0.10214359156891097
2024-09-30,002-3,324482267885.2743,188943550598.4594,0.10214359156891097
2024-10-31,002-3,324482267885.2743,193798647168.9394,0.10214359156891097
2024-11-30,002-3,324482267885.2743,194417536240.23544,0.10214359156891097
2024-12-31,002-3,324482267885.2743,195334241739.5209,0.10214359156891097
2025-01-31,002-3,324482267885.2743,174156454013.4132,0.10214359156891097
2025-02-28,002-3,324482267885.2743,167586873253.42368,0.10214359156891097
2025-03-31,002-3,324482267885.2743,190586528685.55252,0.10214359156891097
2025-04-30,002-3,324482267885.2743,194980568851.06772,0.10214359156891097
2025-05-31,002-3,324482267885.2743,196672993817.13864,0.10214359156891097
2025-06-30,002-3,324482267885.2743,186247415175.74503,0.10214359156891097
2025-07-31,002-3,324482267885.2743,162089384318.2256,0.10214359156891097
2025-08-31,002-3,324482267885.2743,185085248710.30023,0.10214359156891097
2025-09-30,002-3,324482267885.2743,186933156449.50504,0.10214359156891097
2025-10-31,002-3,324482267885.2743,193714519348.4574,0.10214359156891097
2025-11-30,002-3,324482267885.2743,195442909900.36902,0.10214359156891097
2025-12-31,002-3,324482267885.2743,190381032364.88293,0.10214359156891097
2026-01-31,002-3,324482267885.2743,175809387410.6366,0.10214359156891097
2026-02-28,002-3,324482267885.2743,171508325470.2612,0.10214359156891097
2026-03-31,002-3,324482267885.2743,186724062839.76236,0.10214359156891097
2022-04-30,002-4,405693345205.8826,228398195615.33002,0.06829359227598432
2022-05-31,002-4,405693345205.8826,189698749868.11722,0.06829359227598432
2022-06-30,002-4,405693345205.8826,217344060174.00848,0.06829359227598432
2022-07-31,002-4,405693345205.8826,214333592774.3705,0.06829359227598432
2022-08-31,002-4,405693345205.8826,207928080559.13007,0.06829359227598432
2022-09-30,002-4,405693345205.8826,199185190909.15097,0.06829359227598432
2022-10-31,002-4,405693345205.8826,185351128633.8335,0.06829359227598432
2022-11-30,002-4,405693345205.8826,203976683948.22794,0.06829359227598432
2022-12-31,002-4,405693345205.8826,204190226784.76807,0.06829359227598432
2023-01-31,002-4,405693345205.8826,223975321313.45102,0.06829359227598432
2023-02-28,002-4,405693345205.8826,200916616708.74924,0.06829359227598432
2023-03-31,002-4,405693345205.8826,215955177134.7922,0.06829359227598432
2023-04-30,002-4,405693345205.8826,194717003729.96893,0.06829359227598432
2023-05-31,002-4,405693345205.8826,216289601281.5694,0.06829359227598432
2023-06-30,002-4,405693345205.8826,183209992146.57837,0.06829359227598432
2023-07-31,002-4,405693345205.8826,235946027858.6179,0.06829359227598432
2023-08-31,002-4,405693345205.8826,208727691684.56754,0.06829359227598432
2023-09-30,002-4,405693345205.8826,176433285978.11288,0.06829359227598432
2023-10-31,002-4,405693345205.8826,201709010817.17416,0.06829359227598432
2023-11-30,002-4,405693345205.8826,199787086171.63202,0.06829359227598432
2023-12-31,002-4,405693345205.8826,202462764837.05838,0.06829359227598432
2024-01-31,002-4,405693345205.8826,206006618760.0985,0.06829359227598432
2024-02-29,002-4,405693345205.8826,202380015304.26,0.06829359227598432
2024-03-31,002-4,405693345205.8826,200508207991.59518,0.06829359227598432
2024-04-30,002-4,405693345205.8826,196342497505.08063,0.06829359227598432
2024-05-31,002-4,405693345205.8826,220446431403.47064,0.06829359227598432
2024-06-30,002-4,405693345205.8826,225063378163.6973,0.06829359227598432
2024-07-31,002-4,405693345205.8826,207346229211.44632,0.06829359227598432
2024-08-31,002-4,405693345205.8826,210229944243.4692,0.06829359227598432
2024-09-30,002-4,405693345205.8826,196736248355.5594,0.06829359227598432
2024-10-31,002-4,405693345205.8826,211308975130.57263,0.06829359227598432
2024-11-30,002-4,405693345205.8826,213243439428.29318,0.06829359227598432
2024-12-31,002-4,405693345205.8826,207774339712.71414,0.06829359227598432
2025-01-31,002-4,405693345205.8826,215265145870.47278,0.06829359227598432
2025-02-28,002-4,405693345205.8826,214201829344.5052,0.06829359227598432
2025-03-31,002-4,405693345205.8826,197614876337.76047,0.06829359227598432
2025-04-30,002-4,405693345205.8826,224964939494.99164,0.06829359227598432
2025-05-31,002-4,405693345205.8826,207917375216.87128,0.06829359227598432
2025-06-30,002-4,405693345205.8826,230837643839.3742,0.06829359227598432
2025-07-31,002-4,405693345205.8826,215561451449.41122,0.06829359227598432
2025-08-31,002-4,405693345205.8826,234432430035.0933,0.06829359227598432
2025-09-30,002-4,405693345205.8826,224748562814.3619,0.06829359227598432
2025-10-31,002-4,405693345205.8826,213209675997.06018,0.06829359227598432
2025-11-30,002-4,405693345205.8826,201643807080.156,0.06829359227598432
2025-12-31,002-4,405693345205.8826,201905958718.15735,0.06829359227598432
2026-01-31,002-4,405693345205.8826,216932050255.4833,0.06829359227598432
2026-02-28,002-4,405693345205.8826,212186555381.54443,0.06829359227598432
2026-03-31,002-4,405693345205.8826,203275675667.16617,0.06829359227598432
2022-04-30,002-5,101593804000.37155,62099879656.89662,0.10125037354824001
2022-05-31,002-5,101593804000.37155,64538857810.687386,0.10125037354824001
2022-06-30,002-5,101593804000.37155,59008660405.84467,0.10125037354824001
2022-07-31,002-5,101593804000.37155,65027915711.09228,0.10125037354824001
2022-08-31,002-5,101593804000.37155,63508653219.10556,0.10125037354824001
2022-09-30,002-5,101593804000.37155,65631681581.82989,0.10125037354824001
2022-10-31,002-5,101593804000.37155,64960738330.19872,0.10125037354824001
2022-11-30,002-5,101593804000.37155,61722789674.565346,0.10125037354824001
2022-12-31,002-5,101593804000.37155,61477680988.72284,0.10125037354824001
2023-01-31,002-5,101593804000.37155,67416058884.42206,0.10125037354824001
2023-02-28,002-5,101593804000.37155,61096113164.97353,0.10125037354824001
2023-03-31,002-5,101593804000.37155,64262798643.99604,0.10125037354824001
2023-04-30,002-5,101593804000.37155,60819315188.801414,0.10125037354824001
2023-05-31,002-5,101593804000.37155,56307038307.33252,0.10125037354824001
2023-06-30,002-5,101593804000.37155,58241010416.451164,0.10125037354824001
2023-07-31,002-5,101593804000.37155,63218883253.275665,0.10125037354824001
2023-08-31,002-5,101593804000.37155,64118630942.829735,0.10125037354824001
2023-09-30,002-5,101593804000.37155,63228918255.505005,0.10125037354824001
2023-10-31,002-5,101593804000.37155,65474352919.95274,0.10125037354824001
2023-11-30,002-5,101593804000.37155,63174200074.506226,0.10125037354824001
2023-12-31,002-5,101593804000.37155,59618940564.49817,0.10125037354824001
2024-01-31,002-5,101593804000.37155,63793034429.03506,0.10125037354824001
2024-02-29,002-5,101593804000.37155,62498645386.97453,0.10125037354824001
2024-03-31,002-5,101593804000.37155,60227518034.415245,0.10125037354824001
2024-04-30,002-5,101593804000.37155,63421862847.77439,0.10125037354824001
2024-05-31,002-5,101593804000.37155,62223617361.48149,0.10125037354824001
2024-06-30,002-5,101593804000.37155,60137782627.17692,0.10125037354824001
2024-07-31,002-5,101593804000.37155,61439610032.65394,0.10125037354824001
2024-08-31,002-5,101593804000.37155,66290001724.07494,0.10125037354824001
2024-09-30,002-5,101593804000.37155,66190401232.75432,0.10125037354824001
2024-10-31,002-5,101593804000.37155,62555140213.05199,0.10125037354824001
2024-11-30,002-5,101593804000.37155,62156251501.20767,0.10125037354824001
2024-12-31,002-5,101593804000.37155,57614054054.17785,0.10125037354824001
2025-01-31,002-5,101593804000.37155,67222017118.758224,0.10125037354824001
2025-02-28,002-5,101593804000.37155,65140289286.264984,0.10125037354824001
2025-03-31,002-5,101593804000.37155,64273520463.5431,0.10125037354824001
2025-04-30,002-5,101593804000.37155,55048755450.01397,0.10125037354824001
2025-05-31,002-5,101593804000.37155,62106436481.282906,0.10125037354824001
2025-06-30,002-5,101593804000.37155,61594247176.5122,0.10125037354824001
2025-07-31,002-5,101593804000.37155,64062806383.00006,0.10125037354824001
2025-08-31,002-5,101593804000.37155,60607053766.7009,0.10125037354824001
2025-09-30,002-5,101593804000.37155,61275502179.32802,0.10125037354824001
2025-10-31,002-5,101593804000.37155,63869567350.24964,0.10125037354824001
2025-11-30,002-5,101593804000.37155,59623988778.637856,0.10125037354824001
2025-12-31,002-5,101593804000.37155,60232136452.80188,0.10125037354824001
2026-01-31,002-5,101593804000.37155,62570935511.223656,0.10125037354824001
2026-02-28,002-5,101593804000.37155,66061167474.88778,0.10125037354824001
2026-03-31,002-5,101593804000.37155,64445777329.49691,0.10125037354824001
2022-04-30,002-6,455743588880.764,421948082002.2285,0.07278086498084144
2022-05-31,002-6,455743588880.764,441523561873.6662,0.07278086498084144
2022-06-30,002-6,455743588880.764,397276413336.0477,0.07278086498084144
2022-07-31,002-6,455743588880.764,448731071916.28766,0.07278086498084144
2022-08-31,002-6,455743588880.764,450501905879.8461,0.07278086498084144
2022-09-30,002-6,455743588880.764,427325394363.5851,0.07278086498084144
2022-10-31,002-6,455743588880.764,432461345985.48474,0.07278086498084144
2022-11-30,002-6,455743588880.764,420562849315.2354,0.07278086498084144
2022-12-31,002-6,455743588880.764,418217112010.11053,0.07278086498084144
2023-01-31,002-6,455743588880.764,412730387430.9133,0.07278086498084144
2023-02-28,002-6,455743588880.764,420412287781.4789,0.07278086498084144
2023-03-31,002-6,455743588880.764,428683288667.7428,0.07278086498084144
2023-04-30,002-6,455743588880.764,426823176289.7774,0.07278086498084144
2023-05-31,002-6,455743588880.764,448243843554.42126,0.07278086498084144
2023-06-30,002-6,455743588880.764,422453379588.5211,0.07278086498084144
2023-07-31,002-6,455743588880.764,400726672993.9307,0.07278086498084144
2023-08-31,002-6,455743588880.764,443563915859.7314,0.07278086498084144
2023-09-30,002-6,455743588880.764,404389132608.1949,0.07278086498084144
2023-10-31,002-6,455743588880.764,413434230307.88257,0.07278086498084144
2023-11-30,002-6,455743588880.764,424797750981.9876,0.07278086498084144
2023-12-31,002-6,455743588880.764,426786141222.6659,0.07278086498084144
2024-01-31,002-6,455743588880.764,401319917737.94214,0.07278086498084144
2024-02-29,002-6,455743588880.764,410876397067.05493,0.07278086498084144
2024-03-31,002-6,455743588880.764,400836681749.6367,0.07278086498084144
2024-04-30,002-6,455743588880.764,429582647429.1781,0.07278086498084144
2024-05-31,002-6,455743588880.764,437261929017.1117,0.07278086498084144
2024-06-30,002-6,455743588880.764,404377049487.719,0.07278086498084144
2024-07-31,002-6,455743588880.764,434695364356.40436,0.07278086498084144
2024-08-31,002-6,455743588880.764,433808288508.9714,0.07278086498084144
2024-09-30,002-6,455743588880.764,412071376533.5754,0.07278086498084144
2024-10-31,002-6,455743588880.764,393975964595.81274,0.07278086498084144
2024-11-30,002-6,455743588880.764,406435853263.26,0.07278086498084144
2024-12-31,002-6,455743588880.764,412943850278.2083,0.07278086498084144
2025-01-31,002-6,455743588880.764,442160593285.12787,0.07278086498084144
2025-02-28,002-6,455743588880.764,419464925943.84595,0.07278086498084144
2025-03-31,002-6,455743588880.764,407316733292.2965,0.07278086498084144
2025-04-30,002-6,455743588880.764,423103826078.5368,0.07278086498084144
2025-05-31,002-6,455743588880.764,403372003256.1392,0.07278086498084144
2025-06-30,002-6,455743588880.764,428114610558.7824,0.07278086498084144
2025-07-31,002-6,455743588880.764,407715471334.4303,0.07278086498084144
2025-08-31,002-6,455743588880.764,409699874431.7111,0.07278086498084144
2025-09-30,002-6,455743588880.764,426216237959.654,0.07278086498084144
2025-10-31,002-6,455743588880.764,445012128546.6062,0.07278086498084144
2025-11-30,002-6,455743588880.764,451131222856.18,0.07278086498084144
2025-12-31,002-6,455743588880.764,406865034020.47943,0.07278086498084144
2026-01-31,002-6,455743588880.764,412925409892.6116,0.07278086498084144
2026-02-28,002-6,455743588880.764,428130911160.20264,0.07278086498084144
2026-03-31,002-6,455743588880.764,437062442714.5123,0.07278086498084144
2022-04-30,003-1,236659453813.7402,84084321127.80138,0.07256428893376525
2022-05-31,003-1,236659453813.7402,80005638889.1112,0.07256428893376525
2022-06-30,003-1,236659453813.7402,69804114429.33842,0.07256428893376525
2022-07-31,003-1,236659453813.7402,73970646717.88577,0.07256428893376525
2022-08-31,003-1,236659453813.7402,79433172806.755,0.07256428893376525
2022-09-30,003-1,236659453813.7402,83881822527.14832,0.07256428893376525
2022-10-31,003-1,236659453813.7402,90621560780.941,0.07256428893376525
2022-11-30,003-1,236659453813.7402,85980043553.25304,0.07256428893376525
2022-12-31,003-1,236659453813.7402,90191573582.00781,0.07256428893376525
2023-01-31,003-1,236659453813.7402,83653985613.75,0.07256428893376525
2023-02-28,003-1,236659453813.7402,78459284928.88594,0.07256428893376525
2023-03-31,003-1,236659453813.7402,82159663700.35625,0.07256428893376525
2023-04-30,003-1,236659453813.7402,88402271279.09688,0.07256428893376525
2023-05-31,003-1,236659453813.7402,90795216582.64377,0.07256428893376525
2023-06-30,003-1,236659453813.7402,82414370350.39474,0.07256428893376525
2023-07-31,003-1,236659453813.7402,76867731296.22815,0.07256428893376525
2023-08-31,003-1,236659453813.7402,85847348912.76678,0.07256428893376525
2023-09-30,003-1,236659453813.7402,86857810027.0835,0.07256428893376525
2023-10-31,003-1,236659453813.7402,92216287380.32866,0.07256428893376525
2023-11-30,003-1,236659453813.7402,78645179088.4856,0.07256428893376525
2023-12-31,003-1,236659453813.7402,78723032608.41055,0.07256428893376525
2024-01-31,003-1,236659453813.7402,88832822392.35773,0.07256428893376525
2024-02-29,003-1,236659453813.7402,80571558420.58363,0.07256428893376525
2024-03-31,003-1,236659453813.7402,80271588220.1501,0.07256428893376525
2024-04-30,003-1,236659453813.7402,92368370312.1983,0.07256428893376525
2024-05-31,003-1,236659453813.7402,73730405473.2532,0.07256428893376525
2024-06-30,003-1,236659453813.7402,98062845971.67665,0.07256428893376525
2024-07-31,003-1,236659453813.7402,79114669744.40395,0.07256428893376525
2024-08-31,003-1,236659453813.7402,89617832724.3457,0.07256428893376525
2024-09-30,003-1,236659453813.7402,82691794555.0042,0.07256428893376525
2024-10-31,003-1,236659453813.7402,85390862115.7002,0.07256428893376525
2024-11-30,003-1,236659453813.7402,81598521326.89825,0.07256428893376525
2024-12-31,003-1,236659453813.7402,89545757490.58731,0.07256428893376525
2025-01-31,003-1,236659453813.7402,80998324262.33725,0.07256428893376525
2025-02-28,003-1,236659453813.7402,79396452639.25441,0.07256428893376525
2025-03-31,003-1,236659453813.7402,96338583194.63564,0.07256428893376525
2025-04-30,003-1,236659453813.7402,83672859402.80058,0.07256428893376525
2025-05-31,003-1,236659453813.7402,78666956339.53795,0.07256428893376525
2025-06-30,003-1,236659453813.7402,72883536300.1608,0.07256428893376525
2025-07-31,003-1,236659453813.7402,96709448948.15219,0.07256428893376525
2025-08-31,003-1,236659453813.7402,79545697867.86026,0.07256428893376525
2025-09-30,003-1,236659453813.7402,98102853953.27452,0.07256428893376525
2025-10-31,003-1,236659453813.7402,86296028200.69374,0.07256428893376525
2025-11-30,003-1,236659453813.7402,84478702615.8449,0.07256428893376525
2025-12-31,003-1,236659453813.7402,84670102927.77118,0.07256428893376525
2026-01-31,003-1,236659453813.7402,99197020781.01355,0.07256428893376525
2026-02-28,003-1,236659453813.7402,67899971133.611145,0.07256428893376525
2026-03-31,003-1,236659453813.7402,84986027020.08315,0.07256428893376525
2022-04-30,003-1-1,382027919494.42316,139429313325.58304,0.07281743835054173
2022-05-31,003-1-1,382027919494.42316,143582780889.31113,0.07281743835054173
2022-06-30,003-1-1,382027919494.42316,138820046438.75934,0.07281743835054173
2022-07-31,003-1-1,382027919494.42316,144027677023.7936,0.07281743835054173
2022-08-31,003-1-1,382027919494.42316,141601324538.0006,0.07281743835054173
2022-09-30,003-1-1,382027919494.42316,126817065064.01926,0.07281743835054173
2022-10-31,003-1-1,382027919494.42316,146242316222.14386,0.07281743835054173
2022-11-30,003-1-1,382027919494.42316,150078125775.24756,0.07281743835054173
2022-12-31,003-1-1,382027919494.42316,135659015999.84004,0.07281743835054173
2023-01-31,003-1-1,382027919494.42316,163279195580.29425,0.07281743835054173
2023-02-28,003-1-1,382027919494.42316,157178312862.3699,0.07281743835054173
2023-03-31,003-1-1,382027919494.42316,151543942232.56915,0.07281743835054173
2023-04-30,003-1-1,382027919494.42316,151404904449.422,0.07281743835054173
2023-05-31,003-1-1,382027919494.42316,142216478288.08255,0.07281743835054173
2023-06-30,003-1-1,382027919494.42316,154952622318.6421,0.07281743835054173
2023-07-31,003-1-1,382027919494.42316,159873705496.89285,0.07281743835054173
2023-08-31,003-1-1,382027919494.42316,151132173977.90472,0.07281743835054173
2023-09-30,003-1-1,382027919494.42316,135335617244.57509,0.07281743835054173
2023-10-31,003-1-1,382027919494.42316,141416759483.08694,0.07281743835054173
2023-11-30,003-1-1,382027919494.42316,148446281077.64682,0.07281743835054173
2023-12-31,003-1-1,382027919494.42316,151472800285.21634,0.07281743835054173
2024-01-31,003-1-1,382027919494.42316,140983588230.01337,0.07281743835054173
2024-02-29,003-1-1,382027919494.42316,135375441302.3331,0.07281743835054173
2024-03-31,003-1-1,382027919494.42316,160027880985.51666,0.07281743835054173
2024-04-30,003-1-1,382027919494.42316,129581859915.30629,0.07281743835054173
2024-05-31,003-1-1,382027919494.42316,131083091637.66794,0.07281743835054173
2024-06-30,003-1-1,382027919494.42316,126661545723.41174,0.07281743835054173
2024-07-31,003-1-1,382027919494.42316,131057659305.67209,0.07281743835054173
2024-08-31,003-1-1,382027919494.42316,156167159051.35623,0.07281743835054173
2024-09-30,003-1-1,382027919494.42316,156550958198.1536,0.07281743835054173
2024-10-31,003-1-1,382027919494.42316,141022918158.0348,0.07281743835054173
2024-11-30,003-1-1,382027919494.42316,147559720680.9129,0.07281743835054173
2024-12-31,003-1-1,382027919494.42316,141751150744.37726,0.07281743835054173
2025-01-31,003-1-1,382027919494.42316,128210489195.29103,0.07281743835054173
2025-02-28,003-1-1,382027919494.42316,167292906163.15817,0.07281743835054173
2025-03-31,003-1-1,382027919494.42316,157627213463.4678,0.07281743835054173
2025-04-30,003-1-1,382027919494.42316,145933485243.819,0.07281743835054173
2025-05-31,003-1-1,382027919494.42316,132062326611.38936,0.07281743835054173
2025-06-30,003-1-1,382027919494.42316,139293605638.4339,0.07281743835054173
2025-07-31,003-1-1,382027919494.42316,133935765218.00975,0.07281743835054173
2025-08-31,003-1-1,382027919494.42316,142989916216.86743,0.07281743835054173
2025-09-30,003-1-1,382027919494.42316,145423521170.28113,0.07281743835054173
2025-10-31,003-1-1,382027919494.42316,137961958121.81583,0.07281743835054173
2025-11-30,003-1-1,382027919494.42316,125202753660.04567,0.07281743835054173
2025-12-31,003-1-1,382027919494.42316,166306723758.9951,0.07281743835054173
2026-01-31,003-1-1,382027919494.42316,144593797469.91003,0.07281743835054173
2026-02-28,003-1-1,382027919494.42316,147104468759.18448,0.07281743835054173
2026-03-31,003-1-1,382027919494.42316,137030376634.30792,0.07281743835054173
2022-04-30,003-2,454572431073.17035,312311761345.7232,0.10225024329212846
2022-05-31,003-2,454572431073.17035,309039910658.87476,0.10225024329212846
2022-06-30,003-2,454572431073.17035,323123788142.13153,0.10225024329212846
2022-07-31,003-2,454572431073.17035,325804081649.0352,0.10225024329212846
2022-08-31,003-2,454572431073.17035,323880584403.9446,0.10225024329212846
2022-09-30,003-2,454572431073.17035,326924985839.9272,0.10225024329212846
2022-10-31,003-2,454572431073.17035,338044647619.3664,0.10225024329212846
2022-11-30,003-2,454572431073.17035,318764220680.8841,0.10225024329212846
2022-12-31,003-2,454572431073.17035,328437941329.10913,0.10225024329212846
2023-01-31,003-2,454572431073.17035,320182607140.7116,0.10225024329212846
2023-02-28,003-2,454572431073.17035,287536633764.1293,0.10225024329212846
2023-03-31,003-2,454572431073.17035,311340525274.3767,0.10225024329212846
2023-04-30,003-2,454572431073.17035,301614613216.0182,0.10225024329212846
2023-05-31,003-2,454572431073.17035,316603841444.0099,0.10225024329212846
2023-06-30,003-2,454572431073.17035,302660602757.2374,0.10225024329212846
2023-07-31,003-2,454572431073.17035,321707520129.9902,0.10225024329212846
2023-08-31,003-2,454572431073.17035,326826194916.5928,0.10225024329212846
2023-09-30,003-2,454572431073.17035,329861037944.5076,0.10225024329212846
2023-10-31,003-2,454572431073.17035,335529895027.88336,0.10225024329212846
2023-11-30,003-2,454572431073.17035,290591514817.922,0.10225024329212846
2023-12-31,003-2,454572431073.17035,297096774268.64294,0.10225024329212846
2024-01-31,003-2,454572431073.17035,353374867099.08875,0.10225024329212846
2024-02-29,003-2,454572431073.17035,327214794637.79816,0.10225024329212846
2024-03-31,003-2,454572431073.17035,316508580886.3691,0.10225024329212846
2024-04-30,003-2,454572431073.17035,313884646159.36096,0.10225024329212846
2024-05-31,003-2,454572431073.17035,312672333432.0372,0.10225024329212846
2024-06-30,003-2,454572431073.17035,287076908878.77313,0.10225024329212846
2024-07-31,003-2,454572431073.17035,302915359530.60266,0.10225024329212846
2024-08-31,003-2,454572431073.17035,311922460102.6106,0.10225024329212846
2024-09-30,003-2,454572431073.17035,303685440174.0477,0.10225024329212846
2024-10-31,003-2,454572431073.17035,305468144398.94696,0.10225024329212846
2024-11-30,003-2,454572431073.17035,348341607979.5119,0.10225024329212846
2024-12-31,003-2,454572431073.17035,310015909044.16675,0.10225024329212846
2025-01-31,003-2,454572431073.17035,317240515739.5576,0.10225024329212846
2025-02-28,003-2,454572431073.17035,316755254351.8486,0.10225024329212846
2025-03-31,003-2,454572431073.17035,321486306210.16864,0.10225024329212846
2025-04-30,003-2,454572431073.17035,306938957475.19366,0.10225024329212846
2025-05-31,003-2,454572431073.17035,330453044013.62866,0.10225024329212846
2025-06-30,003-2,454572431073.17035,319496679431.3195,0.10225024329212846
2025-07-31,003-2,454572431073.17035,295894461934.2768,0.10225024329212846
2025-08-31,003-2,454572431073.17035,311981694462.5236,0.10225024329212846
2025-09-30,003-2,454572431073.17035,311100128671.9325,0.10225024329212846
2025-10-31,003-2,454572431073.17035,310472585048.7459,0.10225024329212846
2025-11-30,003-2,454572431073.17035,320393113656.6508,0.10225024329212846
2025-12-31,003-2,454572431073.17035,322103602260.1779,0.10225024329212846
2026-01-31,003-2,454572431073.17035,320493432527.2067,0.10225024329212846
2026-02-28,003-2,454572431073.17035,318069592438.4012,0.10225024329212846
2026-03-31,003-2,454572431073.17035,314615601319.7447,0.10225024329212846
2022-04-30,003-3,495336717891.62744,468849704267.8822,0.08914979977574651
2022-05-31,003-3,495336717891.62744,464547132256.3418,0.08914979977574651
2022-06-30,003-3,495336717891.62744,442656488256.3794,0.08914979977574651
2022-07-31,003-3,495336717891.62744,461459621963.5589,0.08914979977574651
2022-08-31,003-3,495336717891.62744,466918572435.5914,0.08914979977574651
2022-09-30,003-3,495336717891.62744,474694991131.0359,0.08914979977574651
2022-10-31,003-3,495336717891.62744,464873272077.0859,0.08914979977574651
2022-11-30,003-3,495336717891.62744,462069176320.86554,0.08914979977574651
2022-12-31,003-3,495336717891.62744,471359273587.4165,0.08914979977574651
2023-01-31,003-3,495336717891.62744,452734924992.01086,0.08914979977574651
2023-02-28,003-3,495336717891.62744,463412550493.8223,0.08914979977574651
2023-03-31,003-3,495336717891.62744,448060335685.48926,0.08914979977574651
2023-04-30,003-3,495336717891.62744,473789262628.3429,0.08914979977574651
2023-05-31,003-3,495336717891.62744,433369670214.48517,0.08914979977574651
2023-06-30,003-3,495336717891.62744,469426938153.88354,0.08914979977574651
2023-07-31,003-3,495336717891.62744,457553297788.34424,0.08914979977574651
2023-08-31,003-3,495336717891.62744,471635894574.0561,0.08914979977574651
2023-09-30,003-3,495336717891.62744,445691172219.2201,0.08914979977574651
2023-10-31,003-3,495336717891.62744,458627305935.02264,0.08914979977574651
2023-11-30,003-3,495336717891.62744,458191110106.7614,0.08914979977574651
2023-12-31,003-3,495336717891.62744,463737694574.64825,0.08914979977574651
2024-01-31,003-3,495336717891.62744,441723263864.5088,0.08914979977574651
2024-02-29,003-3,495336717891.62744,466744361625.3175,0.08914979977574651
2024-03-31,003-3,495336717891.62744,429859966647.9288,0.08914979977574651
2024-04-30,003-3,495336717891.62744,447365940037.8972,0.08914979977574651
2024-05-31,003-3,495336717891.62744,434067814236.55975,0.08914979977574651
2024-06-30,003-3,495336717891.62744,469597565191.206,0.08914979977574651
2024-07-31,003-3,495336717891.62744,463236124798.935,0.08914979977574651
2024-08-31,003-3,495336717891.62744,464066921414.7692,0.08914979977574651
2024-09-30,003-3,495336717891.62744,479181884828.2877,0.08914979977574651
2024-10-31,003-3,495336717891.62744,452595215533.73816,0.08914979977574651
2024-11-30,003-3,495336717891.62744,466348645938.3128,0.08914979977574651
2024-12-31,003-3,495336717891.62744,458271239599.90936,0.08914979977574651
2025-01-31,003-3,495336717891.62744,456008686578.8206,0.08914979977574651
2025-02-28,003-3,495336717891.62744,476706733352.40375,0.08914979977574651
2025-03-31,003-3,495336717891.62744,488227079544.58875,0.08914979977574651
2025-04-30,003-3,495336717891.62744,450878502397.2999,0.08914979977574651
2025-05-31,003-3,495336717891.62744,469679298600.33466,0.08914979977574651
2025-06-30,003-3,495336717891.62744,462032250541.1979,0.08914979977574651
2025-07-31,003-3,495336717891.62744,462210505034.86487,0.08914979977574651
2025-08-31,003-3,495336717891.62744,460963226968.23303,0.08914979977574651
2025-09-30,003-3,495336717891.62744,452340568044.40326,0.08914979977574651
2025-10-31,003-3,495336717891.62744,404016965674.60516,0.08914979977574651
2025-11-30,003-3,495336717891.62744,480097563220.2549,0.08914979977574651
2025-12-31,003-3,495336717891.62744,446966344023.47235,0.08914979977574651
2026-01-31,003-3,495336717891.62744,453700577116.2793,0.08914979977574651
2026-02-28,003-3,495336717891.62744,454016565955.0788,0.08914979977574651
2026-03-31,003-3,495336717891.62744,445642742808.579,0.08914979977574651
2022-04-30,003-3-1,312766278814.0804,169518331739.19305,0.09503155781187492
2022-05-31,003-3-1,312766278814.0804,163210866053.1101,0.09503155781187492
2022-06-30,003-3-1,312766278814.0804,171335013890.18216,0.09503155781187492
2022-07-31,003-3-1,312766278814.0804,169624038069.64673,0.09503155781187492
2022-08-31,003-3-1,312766278814.0804,178640013323.61627,0.09503155781187492
2022-09-30,003-3-1,312766278814.0804,157357318704.46793,0.09503155781187492
2022-10-31,003-3-1,312766278814.0804,162377156178.40002,0.09503155781187492
2022-11-30,003-3-1,312766278814.0804,176739573848.38846,0.09503155781187492
2022-12-31,003-3-1,312766278814.0804,163931414210.5617,0.09503155781187492
2023-01-31,003-3-1,312766278814.0804,161457501887.30432,0.09503155781187492
2023-02-28,003-3-1,312766278814.0804,164395421774.04993,0.09503155781187492
2023-03-31,003-3-1,312766278814.0804,168986632681.40692,0.09503155781187492
2023-04-30,003-3-1,312766278814.0804,169022285978.7737,0.09503155781187492
2023-05-31,003-3-1,312766278814.0804,167964077242.19717,0.09503155781187492
2023-06-30,003-3-1,312766278814.0804,160283099985.21362,0.09503155781187492
2023-07-31,003-3-1,312766278814.0804,177188656023.4269,0.09503155781187492
2023-08-31,003-3-1,312766278814.0804,182378019403.08856,0.09503155781187492
2023-09-30,003-3-1,312766278814.0804,152008584669.73224,0.09503155781187492
2023-10-31,003-3-1,312766278814.0804,155357261268.21515,0.09503155781187492
2023-11-30,003-3-1,312766278814.0804,179343910130.65128,0.09503155781187492
2023-12-31,003-3-1,312766278814.0804,184663495603.7619,0.09503155781187492
2024-01-31,003-3-1,312766278814.0804,149956053287.87927,0.09503155781187492
2024-02-29,003-3-1,312766278814.0804,177585346008.5823,0.09503155781187492
2024-03-31,003-3-1,312766278814.0804,185302322722.0281,0.09503155781187492
2024-04-30,003-3-1,312766278814.0804,161842110549.51324,0.09503155781187492
2024-05-31,003-3-1,312766278814.0804,184756119644.54916,0.09503155781187492
2024-06-30,003-3-1,312766278814.0804,168263996538.7269,0.09503155781187492
2024-07-31,003-3-1,312766278814.0804,172886350965.021,0.09503155781187492
2024-08-31,003-3-1,312766278814.0804,163185556983.4574,0.09503155781187492
2024-09-30,003-3-1,312766278814.0804,179326753817.27133,0.09503155781187492
2024-10-31,003-3-1,312766278814.0804,177763769315.41125,0.09503155781187492
2024-11-30,003-3-1,312766278814.0804,186117042621.9811,0.09503155781187492
2024-12-31,003-3-1,312766278814.0804,183451316987.22012,0.09503155781187492
2025-01-31,003-3-1,312766278814.0804,169848260046.73343,0.09503155781187492
2025-02-28,003-3-1,312766278814.0804,199099995183.62888,0.09503155781187492
2025-03-31,003-3-1,312766278814.0804,182608586508.53378,0.09503155781187492
2025-04-30,003-3-1,312766278814.0804,175005770472.77484,0.09503155781187492
2025-05-31,003-3-1,312766278814.0804,160577826694.44125,0.09503155781187492
2025-06-30,003-3-1,312766278814.0804,155577835509.62933,0.09503155781187492
2025-07-31,003-3-1,312766278814.0804,156375435235.94116,0.09503155781187492
2025-08-31,003-3-1,312766278814.0804,161173542405.0819,0.09503155781187492
2025-09-30,003-3-1,312766278814.0804,182857329599.66382,0.09503155781187492
2025-10-31,003-3-1,312766278814.0804,174504464411.44284,0.09503155781187492
2025-11-30,003-3-1,312766278814.0804,164178841362.5627,0.09503155781187492
2025-12-31,003-3-1,312766278814.0804,168659257456.8283,0.09503155781187492
2026-01-31,003-3-1,312766278814.0804,167515683305.5136,0.09503155781187492
2026-02-28,003-3-1,312766278814.0804,177440980937.62958,0.09503155781187492
2026-03-31,003-3-1,312766278814.0804,161688365625.54187,0.09503155781187492
2022-04-30,003-4,366923267826.4194,162836245531.77695,0.07965630424338686
2022-05-31,003-4,366923267826.4194,150188909198.46075,0.07965630424338686
2022-06-30,003-4,366923267826.4194,177013282772.59677,0.07965630424338686
2022-07-31,003-4,366923267826.4194,156279433336.43335,0.07965630424338686
2022-08-31,003-4,366923267826.4194,148605098330.5015,0.07965630424338686
2022-09-30,003-4,366923267826.4194,168921237200.09763,0.07965630424338686
2022-10-31,003-4,366923267826.4194,160132862783.1693,0.07965630424338686
2022-11-30,003-4,366923267826.4194,164028847460.22998,0.07965630424338686
2022-12-31,003-4,366923267826.4194,146492394417.19238,0.07965630424338686
2023-01-31,003-4,366923267826.4194,168475824702.25214,0.07965630424338686
2023-02-28,003-4,366923267826.4194,183446427364.52383,0.07965630424338686
2023-03-31,003-4,366923267826.4194,145632099560.00104,0.07965630424338686
2023-04-30,003-4,366923267826.4194,163432015503.21643,0.07965630424338686
2023-05-31,003-4,366923267826.4194,150888539935.41138,0.07965630424338686
2023-06-30,003-4,366923267826.4194,189139363262.2165,0.07965630424338686
2023-07-31,003-4,366923267826.4194,173178491919.21884,0.07965630424338686
2023-08-31,003-4,366923267826.4194,162638344371.0908,0.07965630424338686
2023-09-30,003-4,366923267826.4194,146016997524.5057,0.07965630424338686
2023-10-31,003-4,366923267826.4194,148678784409.10938,0.07965630424338686
2023-11-30,003-4,366923267826.4194,167747756335.2285,0.07965630424338686
2023-12-31,003-4,366923267826.4194,144535089238.38422,0.07965630424338686
2024-01-31,003-4,366923267826.4194,144880492672.7668,0.07965630424338686
2024-02-29,003-4,366923267826.4194,159630203825.85245,0.07965630424338686
2024-03-31,003-4,366923267826.4194,161001602336.76263,0.07965630424338686
2024-04-30,003-4,366923267826.4194,163716262899.75134,0.07965630424338686
2024-05-31,003-4,366923267826.4194,154694830168.5962,0.07965630424338686
2024-06-30,003-4,366923267826.4194,169661687253.18756,0.07965630424338686
2024-07-31,003-4,366923267826.4194,150046395803.2333,0.07965630424338686
2024-08-31,003-4,366923267826.4194,166430903744.77637,0.07965630424338686
2024-09-30,003-4,366923267826.4194,161889967699.40283,0.07965630424338686
2024-10-31,003-4,366923267826.4194,166144755685.0924,0.07965630424338686
2024-11-30,003-4,366923267826.4194,172544069558.92868,0.07965630424338686
2024-12-31,003-4,366923267826.4194,154520830965.23077,0.07965630424338686
2025-01-31,003-4,366923267826.4194,152256050077.765,0.07965630424338686
2025-02-28,003-4,366923267826.4194,140947663294.07343,0.07965630424338686
2025-03-31,003-4,366923267826.4194,137308426522.08736,0.07965630424338686
2025-04-30,003-4,366923267826.4194,157595921531.6636,0.07965630424338686
2025-05-31,003-4,366923267826.4194,158349412521.17557,0.07965630424338686
2025-06-30,003-4,366923267826.4194,147577716856.5614,0.07965630424338686
2025-07-31,003-4,366923267826.4194,149944189471.269,0.07965630424338686
2025-08-31,003-4,366923267826.4194,176302711956.67282,0.07965630424338686
2025-09-30,003-4,366923267826.4194,169173971754.0517,0.07965630424338686
2025-10-31,003-4,366923267826.4194,145645604410.06525,0.07965630424338686
2025-11-30,003-4,366923267826.4194,154663758152.62335,0.07965630424338686
2025-12-31,003-4,366923267826.4194,164002146956.68594,0.07965630424338686
2026-01-31,003-4,366923267826.4194,152637208215.87192,0.07965630424338686
2026-02-28,003-4,366923267826.4194,150631118091.4849,0.07965630424338686
2026-03-31,003-4,366923267826.4194,155809684476.1994,0.07965630424338686
2022-04-30,003-5,163264853352.83893,107236835257.31076,0.09993003743892447
2022-05-31,003-5,163264853352.83893,97848217439.4435,0.09993003743892447
2022-06-30,003-5,163264853352.83893,103706150152.9223,0.09993003743892447
2022-07-31,003-5,163264853352.83893,101418991528.31389,0.09993003743892447
2022-08-31,003-5,163264853352.83893,96512113350.33763,0.09993003743892447
2022-09-30,003-5,163264853352.83893,99995341139.89447,0.09993003743892447
2022-10-31,003-5,163264853352.83893,95258245665.9011,0.09993003743892447
2022-11-30,003-5,163264853352.83893,107146977227.16505,0.09993003743892447
2022-12-31,003-5,163264853352.83893,109054319556.46852,0.09993003743892447
2023-01-31,003-5,163264853352.83893,99439431326.499,0.09993003743892447
2023-02-28,003-5,163264853352.83893,98271240781.80624,0.09993003743892447
2023-03-31,003-5,163264853352.83893,106615742131.39594,0.09993003743892447
2023-04-30,003-5,163264853352.83893,107407027300.2429,0.09993003743892447
2023-05-31,003-5,163264853352.83893,95992069521.9721,0.09993003743892447
2023-06-30,003-5,163264853352.83893,100725281211.10638,0.09993003743892447
2023-07-31,003-5,163264853352.83893,101161718927.53403,0.09993003743892447
2023-08-31,003-5,163264853352.83893,97675175686.52997,0.09993003743892447
2023-09-30,003-5,163264853352.83893,103340913285.57553,0.09993003743892447
2023-10-31,003-5,163264853352.83893,98022101770.48895,0.09993003743892447
2023-11-30,003-5,163264853352.83893,98804228204.22638,0.09993003743892447
2023-12-31,003-5,163264853352.83893,100954024767.36667,0.09993003743892447
2024-01-31,003-5,163264853352.83893,94157049890.8905,0.09993003743892447
2024-02-29,003-5,163264853352.83893,91377999698.62242,0.09993003743892447
2024-03-31,003-5,163264853352.83893,105948044043.42862,0.09993003743892447
2024-04-30,003-5,163264853352.83893,97824333727.78651,0.09993003743892447
2024-05-31,003-5,163264853352.83893,111906844088.41328,0.09993003743892447
2024-06-30,003-5,163264853352.83893,111108350835.34401,0.09993003743892447
2024-07-31,003-5,163264853352.83893,98969691208.07422,0.09993003743892447
2024-08-31,003-5,163264853352.83893,112906950274.36299,0.09993003743892447
2024-09-30,003-5,163264853352.83893,106042584986.54808,0.09993003743892447
2024-10-31,003-5,163264853352.83893,98289684042.99158,0.09993003743892447
2024-11-30,003-5,163264853352.83893,88804685350.08401,0.09993003743892447
2024-12-31,003-5,163264853352.83893,104820942373.8431,0.09993003743892447
2025-01-31,003-5,163264853352.83893,101603681437.80408,0.09993003743892447
2025-02-28,003-5,163264853352.83893,103563181526.2683,0.09993003743892447
2025-03-31,003-5,163264853352.83893,100329568801.1488,0.09993003743892447
2025-04-30,003-5,163264853352.83893,95847846924.18796,0.09993003743892447
2025-05-31,003-5,163264853352.83893,99358842572.77925,0.09993003743892447
2025-06-30,003-5,163264853352.83893,104911466931.01746,0.09993003743892447
2025-07-31,003-5,163264853352.83893,99714684673.52724,0.09993003743892447
2025-08-31,003-5,163264853352.83893,99685088886.36995,0.09993003743892447
2025-09-30,003-5,163264853352.83893,94008520641.57565,0.09993003743892447
2025-10-31,003-5,163264853352.83893,101897090943.61066,0.09993003743892447
2025-11-30,003-5,163264853352.83893,96004213784.15454,0.09993003743892447
2025-12-31,003-5,163264853352.83893,105949287303.94708,0.09993003743892447
2026-01-31,003-5,163264853352.83893,97854809670.44547,0.09993003743892447
2026-02-28,003-5,163264853352.83893,100002053395.99478,0.09993003743892447
2026-03-31,003-5,163264853352.83893,112049469730.68976,0.09993003743892447
2022-04-30,003-6,180520867483.42404,76172433003.63498,0.0882774854365975
2022-05-31,003-6,180520867483.42404,81729931110.98097,0.0882774854365975
2022-06-30,003-6,180520867483.42404,68890111166.94188,0.0882774854365975
2022-07-31,003-6,180520867483.42404,85332336958.34015,0.0882774854365975
2022-08-31,003-6,180520867483.42404,83941229009.75925,0.0882774854365975
2022-09-30,003-6,180520867483.42404,81398655961.76518,0.0882774854365975
2022-10-31,003-6,180520867483.42404,60269324370.672554,0.0882774854365975
2022-11-30,003-6,180520867483.42404,77153544698.2999,0.0882774854365975
2022-12-31,003-6,180520867483.42404,71665053984.36072,0.0882774854365975
2023-01-31,003-6,180520867483.42404,84646163397.1571,0.0882774854365975
2023-02-28,003-6,180520867483.42404,84258698660.1483,0.0882774854365975
2023-03-31,003-6,180520867483.42404,80659737900.75774,0.0882774854365975
2023-04-30,003-6,180520867483.42404,72042821134.02368,0.0882774854365975
2023-05-31,003-6,180520867483.42404,86650960058.40833,0.0882774854365975
2023-06-30,003-6,180520867483.42404,77138113193.9361,0.0882774854365975
2023-07-31,003-6,180520867483.42404,88335635977.4167,0.0882774854365975
2023-08-31,003-6,180520867483.42404,79995658549.49358,0.0882774854365975
2023-09-30,003-6,180520867483.42404,81303104140.29742,0.0882774854365975
2023-10-31,003-6,180520867483.42404,76065585039.39621,0.0882774854365975
2023-11-30,003-6,180520867483.42404,86177966685.98018,0.0882774854365975
2023-12-31,003-6,180520867483.42404,81853471821.5955,0.0882774854365975
2024-01-31,003-6,180520867483.42404,86372583244.14673,0.0882774854365975
2024-02-29,003-6,180520867483.42404,79519918178.89851,0.0882774854365975
2024-03-31,003-6,180520867483.42404,78303677656.40234,0.0882774854365975
2024-04-30,003-6,180520867483.42404,81781423841.78711,0.0882774854365975
2024-05-31,003-6,180520867483.42404,86370681366.05951,0.0882774854365975
2024-06-30,003-6,180520867483.42404,84064674217.91496,0.0882774854365975
2024-07-31,003-6,180520867483.42404,79306989890.8563,0.0882774854365975
2024-08-31,003-6,180520867483.42404,68500420560.528,0.0882774854365975
2024-09-30,003-6,180520867483.42404,82947169168.33879,0.0882774854365975
2024-10-31,003-6,180520867483.42404,70766934300.95702,0.0882774854365975
2024-11-30,003-6,180520867483.42404,78747999527.65176,0.0882774854365975
2024-12-31,003-6,180520867483.42404,77931475066.54422,0.0882774854365975
2025-01-31,003-6,180520867483.42404,70880317550.01588,0.0882774854365975
2025-02-28,003-6,180520867483.42404,80575758871.35417,0.0882774854365975
2025-03-31,003-6,180520867483.42404,90225400662.54019,0.0882774854365975
2025-04-30,003-6,180520867483.42404,76865466793.5643,0.0882774854365975
2025-05-31,003-6,180520867483.42404,82706139275.02766,0.0882774854365975
2025-06-30,003-6,180520867483.42404,91315956639.97415,0.0882774854365975
2025-07-31,003-6,180520867483.42404,83230012041.57028,0.0882774854365975
2025-08-31,003-6,180520867483.42404,75066191244.94817,0.0882774854365975
2025-09-30,003-6,180520867483.42404,79842004941.70032,0.0882774854365975
2025-10-31,003-6,180520867483.42404,81162147115.33775,0.0882774854365975
2025-11-30,003-6,180520867483.42404,86323417162.45802,0.0882774854365975
2025-12-31,003-6,180520867483.42404,85133264063.44177,0.0882774854365975
2026-01-31,003-6,180520867483.42404,63557767634.51697,0.0882774854365975
2026-02-28,003-6,180520867483.42404,73921537788.45445,0.0882774854365975
2026-03-31,003-6,180520867483.42404,78179182902.22891,0.0882774854365975
2022-04-30,003-7,432846242106.16766,168764723600.74075,0.08899339732826164
2022-05-31,003-7,432846242106.16766,207389408336.00558,0.08899339732826164
2022-06-30,003-7,432846242106.16766,216764960268.29214,0.08899339732826164
2022-07-31,003-7,432846242106.16766,209990820375.04895,0.08899339732826164
2022-08-31,003-7,432846242106.16766,203866151158.18826,0.08899339732826164
2022-09-30,003-7,432846242106.16766,217350279615.3285,0.08899339732826164
2022-10-31,003-7,432846242106.16766,221266978225.8432,0.08899339732826164
2022-11-30,003-7,432846242106.16766,210726930409.5223,0.08899339732826164
2022-12-31,003-7,432846242106.16766,234624470165.47714,0.08899339732826164
2023-01-31,003-7,432846242106.16766,217561289445.63834,0.08899339732826164
2023-02-28,003-7,432846242106.16766,205494902899.40637,0.08899339732826164
2023-03-31,003-7,432846242106.16766,202209292782.15704,0.08899339732826164
2023-04-30,003-7,432846242106.16766,214046350034.09677,0.08899339732826164
2023-05-31,003-7,432846242106.16766,231270043777.78723,0.08899339732826164
2023-06-30,003-7,432846242106.16766,206115928532.23825,0.08899339732826164
2023-07-31,003-7,432846242106.16766,224549571266.65884,0.08899339732826164
2023-08-31,003-7,432846242106.16766,218039703499.7208,0.08899339732826164
2023-09-30,003-7,432846242106.16766,242694747419.54132,0.08899339732826164
2023-10-31,003-7,432846242106.16766,221879411790.4321,0.08899339732826164
2023-11-30,003-7,432846242106.16766,207745107288.51266,0.08899339732826164
2023-12-31,003-7,432846242106.16766,226373888904.59332,0.08899339732826164
2024-01-31,003-7,432846242106.16766,226810879157.72772,0.08899339732826164
2024-02-29,003-7,432846242106.16766,211656503662.36453,0.08899339732826164
2024-03-31,003-7,432846242106.16766,201696910411.3658,0.08899339732826164
2024-04-30,003-7,432846242106.16766,223772469949.54724,0.08899339732826164
2024-05-31,003-7,432846242106.16766,217636614572.158,0.08899339732826164
2024-06-30,003-7,432846242106.16766,197118855159.5439,0.08899339732826164
2024-07-31,003-7,432846242106.16766,220116899143.2806,0.08899339732826164
2024-08-31,003-7,432846242106.16766,208540245940.07092,0.08899339732826164
2024-09-30,003-7,432846242106.16766,197131165954.31653,0.08899339732826164
2024-10-31,003-7,432846242106.16766,212239478324.18106,0.08899339732826164
2024-11-30,003-7,432846242106.16766,233471041995.64606,0.08899339732826164
2024-12-31,003-7,432846242106.16766,232498991821.16248,0.08899339732826164
2025-01-31,003-7,432846242106.16766,229105788091.57495,0.08899339732826164
2025-02-28,003-7,432846242106.16766,220307938746.60754,0.08899339732826164
2025-03-31,003-7,432846242106.16766,224548502820.6634,0.08899339732826164
2025-04-30,003-7,432846242106.16766,218092783496.6815,0.08899339732826164
2025-05-31,003-7,432846242106.16766,202462332480.87735,0.08899339732826164
2025-06-30,003-7,432846242106.16766,205053552580.62656,0.08899339732826164
2025-07-31,003-7,432846242106.16766,208927365947.5889,0.08899339732826164
2025-08-31,003-7,432846242106.16766,235009035709.6769,0.08899339732826164
2025-09-30,003-7,432846242106.16766,230793091511.0556,0.08899339732826164
2025-10-31,003-7,432846242106.16766,202789217048.15137,0.08899339732826164
2025-11-30,003-7,432846242106.16766,217505149714.86755,0.08899339732826164
2025-12-31,003-7,432846242106.16766,211583835741.2062,0.08899339732826164
2026-01-31,003-7,432846242106.16766,214797804837.22656,0.08899339732826164
2026-02-28,003-7,432846242106.16766,209851121811.03076,0.08899339732826164
2026-03-31,003-7,432846242106.16766,235065295499.52936,0.08899339732826164
2022-04-30,006-1,229209756643.5528,122072665823.52687,0.09509284208312549
2022-05-31,006-1,229209756643.5528,122128373431.73586,0.09509284208312549
2022-06-30,006-1,229209756643.5528,113519059815.49217,0.09509284208312549
2022-07-31,006-1,229209756643.5528,121332755366.08522,0.09509284208312549
2022-08-31,006-1,229209756643.5528,127891109772.14513,0.09509284208312549
2022-09-30,006-1,229209756643.5528,130712962637.93729,0.09509284208312549
2022-10-31,006-1,229209756643.5528,112693596683.45766,0.09509284208312549
2022-11-30,006-1,229209756643.5528,110143961764.32762,0.09509284208312549
2022-12-31,006-1,229209756643.5528,121013563925.25568,0.09509284208312549
2023-01-31,006-1,229209756643.5528,128213406795.33006,0.09509284208312549
2023-02-28,006-1,229209756643.5528,123058998839.42914,0.09509284208312549
2023-03-31,006-1,229209756643.5528,125264223307.45616,0.09509284208312549
2023-04-30,006-1,229209756643.5528,111232837954.44322,0.09509284208312549
2023-05-31,006-1,229209756643.5528,116653155003.96118,0.09509284208312549
2023-06-30,006-1,229209756643.5528,105485197350.9606,0.09509284208312549
2023-07-31,006-1,229209756643.5528,119606518833.37326,0.09509284208312549
2023-08-31,006-1,229209756643.5528,105704502025.37372,0.09509284208312549
2023-09-30,006-1,229209756643.5528,129750080297.15283,0.09509284208312549
2023-10-31,006-1,229209756643.5528,131277715874.64905,0.09509284208312549
2023-11-30,006-1,229209756643.5528,121553414183.81097,0.09509284208312549
2023-12-31,006-1,229209756643.5528,110185412948.64847,0.09509284208312549
2024-01-31,006-1,229209756643.5528,123169818545.28197,0.09509284208312549
2024-02-29,006-1,229209756643.5528,133370248004.92982,0.09509284208312549
2024-03-31,006-1,229209756643.5528,123857604909.43988,0.09509284208312549
2024-04-30,006-1,229209756643.5528,128734605128.74959,0.09509284208312549
2024-05-31,006-1,229209756643.5528,117250169675.36816,0.09509284208312549
2024-06-30,006-1,229209756643.5528,114595613074.66245,0.09509284208312549
2024-07-31,006-1,229209756643.5528,120099040449.87836,0.09509284208312549
2024-08-31,006-1,229209756643.5528,107337718400.24785,0.09509284208312549
2024-09-30,006-1,229209756643.5528,136154844010.8883,0.09509284208312549
2024-10-31,006-1,229209756643.5528,121546582961.21332,0.09509284208312549
2024-11-30,006-1,229209756643.5528,126546492904.21194,0.09509284208312549
2024-12-31,006-1,229209756643.5528,117412840641.66312,0.09509284208312549
2025-01-31,006-1,229209756643.5528,109975594826.68564,0.09509284208312549
2025-02-28,006-1,229209756643.5528,130390628476.91563,0.09509284208312549
2025-03-31,006-1,229209756643.5528,112856665808.71071,0.09509284208312549
2025-04-30,006-1,229209756643.5528,122985025809.30798,0.09509284208312549
2025-05-31,006-1,229209756643.5528,123633089219.39128,0.09509284208312549
2025-06-30,006-1,229209756643.5528,121094819175.733,0.09509284208312549
2025-07-31,006-1,229209756643.5528,115191277510.89099,0.09509284208312549
2025-08-31,006-1,229209756643.5528,119557393307.09729,0.09509284208312549
2025-09-30,006-1,229209756643.5528,114053480807.05627,0.09509284208312549
2025-10-31,006-1,229209756643.5528,126150451025.92645,0.09509284208312549
2025-11-30,006-1,229209756643.5528,124516432331.00877,0.09509284208312549
2025-12-31,006-1,229209756643.5528,120439138971.68321,0.09509284208312549
2026-01-31,006-1,229209756643.5528,116678157290.68498,0.09509284208312549
2026-02-28,006-1,229209756643.5528,135076843055.53085,0.09509284208312549
2026-03-31,006-1,229209756643.5528,111632935284.12547,0.09509284208312549
2022-04-30,006-2,420095279492.617,168143262148.08426,0.09594570493356647
2022-05-31,006-2,420095279492.617,165924637995.30032,0.09594570493356647
2022-06-30,006-2,420095279492.617,183009448151.5312,0.09594570493356647
2022-07-31,006-2,420095279492.617,177319686090.41214,0.09594570493356647
2022-08-31,006-2,420095279492.617,169548878700.10623,0.09594570493356647
2022-09-30,006-2,420095279492.617,175482458130.07202,0.09594570493356647
2022-10-31,006-2,420095279492.617,175253438551.82532,0.09594570493356647
2022-11-30,006-2,420095279492.617,195687599357.4464,0.09594570493356647
2022-12-31,006-2,420095279492.617,172369874838.94543,0.09594570493356647
2023-01-31,006-2,420095279492.617,160593253256.37347,0.09594570493356647
2023-02-28,006-2,420095279492.617,171678453159.00186,0.09594570493356647
2023-03-31,006-2,420095279492.617,136173926108.06439,0.09594570493356647
2023-04-30,006-2,420095279492.617,168765319567.51212,0.09594570493356647
2023-05-31,006-2,420095279492.617,182951475209.03815,0.09594570493356647
2023-06-30,006-2,420095279492.617,176766013080.33066,0.09594570493356647
2023-07-31,006-2,420095279492.617,172939431446.6303,0.09594570493356647
2023-08-31,006-2,420095279492.617,177359041044.15225,0.09594570493356647
2023-09-30,006-2,420095279492.617,183080957905.81802,0.09594570493356647
2023-10-31,006-2,420095279492.617,187138786706.07855,0.09594570493356647
2023-11-30,006-2,420095279492.617,174815995253.42575,0.09594570493356647
2023-12-31,006-2,420095279492.617,165192864265.6715,0.09594570493356647
2024-01-31,006-2,420095279492.617,140019781891.5484,0.09594570493356647
2024-02-29,006-2,420095279492.617,181504553084.976,0.09594570493356647
2024-03-31,006-2,420095279492.617,175669796227.07605,0.09594570493356647
2024-04-30,006-2,420095279492.617,171100717810.89862,0.09594570493356647
2024-05-31,006-2,420095279492.617,160505356353.27603,0.09594570493356647
2024-06-30,006-2,420095279492.617,181340445926.53043,0.09594570493356647
2024-07-31,006-2,420095279492.617,165934857662.5256,0.09594570493356647
2024-08-31,006-2,420095279492.617,168742954917.82648,0.09594570493356647
2024-09-30,006-2,420095279492.617,168471155648.1932,0.09594570493356647
2024-10-31,006-2,420095279492.617,174846189406.8332,0.09594570493356647
2024-11-30,006-2,420095279492.617,154700725337.40808,0.09594570493356647
2024-12-31,006-2,420095279492.617,176266533358.35587,0.09594570493356647
2025-01-31,006-2,420095279492.617,160091518036.5569,0.09594570493356647
2025-02-28,006-2,420095279492.617,160533684910.83792,0.09594570493356647
2025-03-31,006-2,420095279492.617,180333326864.54904,0.09594570493356647
2025-04-30,006-2,420095279492.617,156636569124.63257,0.09594570493356647
2025-05-31,006-2,420095279492.617,180310671379.68774,0.09594570493356647
2025-06-30,006-2,420095279492.617,170454282385.07928,0.09594570493356647
2025-07-31,006-2,420095279492.617,148403773463.7115,0.09594570493356647
2025-08-31,006-2,420095279492.617,186373067836.39502,0.09594570493356647
2025-09-30,006-2,420095279492.617,173086855696.69565,0.09594570493356647
2025-10-31,006-2,420095279492.617,174143884382.23236,0.09594570493356647
2025-11-30,006-2,420095279492.617,181870904108.10092,0.09594570493356647
2025-12-31,006-2,420095279492.617,188071238639.87238,0.09594570493356647
2026-01-31,006-2,420095279492.617,171710285413.18756,0.09594570493356647
2026-02-28,006-2,420095279492.617,176956356616.7812,0.09594570493356647
2026-03-31,006-2,420095279492.617,173854775626.63776,0.09594570493356647
2022-04-30,006-3,72768566542.30374,20929483666.470997,0.0922745428634516
2022-05-31,006-3,72768566542.30374,24855402470.432747,0.0922745428634516
2022-06-30,006-3,72768566542.30374,27396515244.261486,0.0922745428634516
2022-07-31,006-3,72768566542.30374,25659664472.46506,0.0922745428634516
2022-08-31,006-3,72768566542.30374,22055969700.611713,0.0922745428634516
2022-09-30,006-3,72768566542.30374,26782167367.10666,0.0922745428634516
2022-10-31,006-3,72768566542.30374,23710625040.42339,0.0922745428634516
2022-11-30,006-3,72768566542.30374,19819203648.326523,0.0922745428634516
2022-12-31,006-3,72768566542.30374,26608357410.915962,0.0922745428634516
2023-01-31,006-3,72768566542.30374,22322395580.08901,0.0922745428634516
2023-02-28,006-3,72768566542.30374,28273646899.0427,0.0922745428634516
2023-03-31,006-3,72768566542.30374,26891870117.958523,0.0922745428634516
2023-04-30,006-3,72768566542.30374,23888916567.537354,0.0922745428634516
2023-05-31,006-3,72768566542.30374,25389024090.732117,0.0922745428634516
2023-06-30,006-3,72768566542.30374,29677767748.7927,0.0922745428634516
2023-07-31,006-3,72768566542.30374,26569287725.921116,0.0922745428634516
2023-08-31,006-3,72768566542.30374,24906219596.27021,0.0922745428634516
2023-09-30,006-3,72768566542.30374,30693403206.003582,0.0922745428634516
2023-10-31,006-3,72768566542.30374,24642901414.2497,0.0922745428634516
2023-11-30,006-3,72768566542.30374,25656350276.539227,0.0922745428634516
2023-12-31,006-3,72768566542.30374,22342408613.277504,0.0922745428634516
2024-01-31,006-3,72768566542.30374,20730208629.331944,0.0922745428634516
2024-02-29,006-3,72768566542.30374,23757926558.672596,0.0922745428634516
2024-03-31,006-3,72768566542.30374,24470062402.946728,0.0922745428634516
2024-04-30,006-3,72768566542.30374,25105016537.21533,0.0922745428634516
2024-05-31,006-3,72768566542.30374,21286774248.8919,0.0922745428634516
2024-06-30,006-3,72768566542.30374,25828505066.807674,0.0922745428634516
2024-07-31,006-3,72768566542.30374,22573436437.788597,0.0922745428634516
2024-08-31,006-3,72768566542.30374,25715117167.79811,0.0922745428634516
2024-09-30,006-3,72768566542.30374,26427213165.021843,0.0922745428634516
2024-10-31,006-3,72768566542.30374,23522796479.525314,0.0922745428634516
2024-11-30,006-3,72768566542.30374,22282143702.42933,0.0922745428634516
2024-12-31,006-3,72768566542.30374,27756089807.753105,0.0922745428634516
2025-01-31,006-3,72768566542.30374,26291832220.24052,0.0922745428634516
2025-02-28,006-3,72768566542.30374,24717988364.52565,0.0922745428634516
2025-03-31,006-3,72768566542.30374,27591876868.669846,0.0922745428634516
2025-04-30,006-3,72768566542.30374,24567980454.69891,0.0922745428634516
2025-05-31,006-3,72768566542.30374,23031612759.201878,0.0922745428634516
2025-06-30,006-3,72768566542.30374,22199442665.846573,0.0922745428634516
2025-07-31,006-3,72768566542.30374,24150883709.027206,0.0922745428634516
2025-08-31,006-3,72768566542.30374,26070925154.274597,0.0922745428634516
2025-09-30,006-3,72768566542.30374,27420138943.32333,0.0922745428634516
2025-10-31,006-3,72768566542.30374,24437539507.250595,0.0922745428634516
2025-11-30,006-3,72768566542.30374,27034536226.93118,0.0922745428634516
2025-12-31,006-3,72768566542.30374,23918452984.125626,0.0922745428634516
2026-01-31,006-3,72768566542.30374,22679942342.755997,0.0922745428634516
2026-02-28,006-3,72768566542.30374,21534459121.285873,0.0922745428634516
2026-03-31,006-3,72768566542.30374,23281064674.071316,0.0922745428634516
2022-04-30,006-4,148214039806.81058,117100038684.4904,0.06975639734383501
2022-05-31,006-4,148214039806.81058,110118200518.04631,0.06975639734383501
2022-06-30,006-4,148214039806.81058,107739759685.76137,0.06975639734383501
2022-07-31,006-4,148214039806.81058,115821648710.11676,0.06975639734383501
2022-08-31,006-4,148214039806.81058,102374474347.6506,0.06975639734383501
2022-09-30,006-4,148214039806.81058,107555108765.4061,0.06975639734383501
2022-10-31,006-4,148214039806.81058,117056295508.26283,0.06975639734383501
2022-11-30,006-4,148214039806.81058,107524438815.64172,0.06975639734383501
2022-12-31,006-4,148214039806.81058,119044468220.13525,0.06975639734383501
2023-01-31,006-4,148214039806.81058,111658033585.92854,0.06975639734383501
2023-02-28,006-4,148214039806.81058,113971600215.7691,0.06975639734383501
2023-03-31,006-4,148214039806.81058,114100408212.60959,0.06975639734383501
2023-04-30,006-4,148214039806.81058,108172028790.77594,0.06975639734383501
2023-05-31,006-4,148214039806.81058,105994108884.85066,0.06975639734383501
2023-06-30,006-4,148214039806.81058,107651607292.58421,0.06975639734383501
2023-07-31,006-4,148214039806.81058,103776585977.58337,0.06975639734383501
2023-08-31,006-4,148214039806.81058,107871604815.54243,0.06975639734383501
2023-09-30,006-4,148214039806.81058,108145312426.82071,0.06975639734383501
2023-10-31,006-4,148214039806.81058,115675953862.74515,0.06975639734383501
2023-11-30,006-4,148214039806.81058,110802857271.7515,0.06975639734383501
2023-12-31,006-4,148214039806.81058,118670096360.309,0.06975639734383501
2024-01-31,006-4,148214039806.81058,98562660931.98332,0.06975639734383501
2024-02-29,006-4,148214039806.81058,102753414675.48022,0.06975639734383501
2024-03-31,006-4,148214039806.81058,106584888581.37346,0.06975639734383501
2024-04-30,006-4,148214039806.81058,114801162594.59158,0.06975639734383501
2024-05-31,006-4,148214039806.81058,107677677191.82477,0.06975639734383501
2024-06-30,006-4,148214039806.81058,101638327226.10463,0.06975639734383501
2024-07-31,006-4,148214039806.81058,107074977089.45609,0.06975639734383501
2024-08-31,006-4,148214039806.81058,102839877302.1426,0.06975639734383501
2024-09-30,006-4,148214039806.81058,101968256425.27565,0.06975639734383501
2024-10-31,006-4,148214039806.81058,117052533949.54767,0.06975639734383501
2024-11-30,006-4,148214039806.81058,106601502460.6872,0.06975639734383501
2024-12-31,006-4,148214039806.81058,108934814136.56845,0.06975639734383501
2025-01-31,006-4,148214039806.81058,107751580505.38222,0.06975639734383501
2025-02-28,006-4,148214039806.81058,107046648102.05756,0.06975639734383501
2025-03-31,006-4,148214039806.81058,104426970546.4608,0.06975639734383501
2025-04-30,006-4,148214039806.81058,106783691289.92412,0.06975639734383501
2025-05-31,006-4,148214039806.81058,109664394556.71362,0.06975639734383501
2025-06-30,006-4,148214039806.81058,114472753695.97403,0.06975639734383501
2025-07-31,006-4,148214039806.81058,112377601472.0847,0.06975639734383501
2025-08-31,006-4,148214039806.81058,102744418687.56903,0.06975639734383501
2025-09-30,006-4,148214039806.81058,112560335073.1715,0.06975639734383501
2025-10-31,006-4,148214039806.81058,110278901228.55186,0.06975639734383501
2025-11-30,006-4,148214039806.81058,105387130879.97383,0.06975639734383501
2025-12-31,006-4,148214039806.81058,108974583965.45323,0.06975639734383501
2026-01-31,006-4,148214039806.81058,110709533440.11862,0.06975639734383501
2026-02-28,006-4,148214039806.81058,108374120802.01562,0.06975639734383501
2026-03-31,006-4,148214039806.81058,110300267716.93599,0.06975639734383501
2022-04-30,006-5,126542340036.5688,72411153954.36569,0.09966906370932899
2022-05-31,006-5,126542340036.5688,57521738922.949646,0.09966906370932899
2022-06-30,006-5,126542340036.5688,67039504428.78941,0.09966906370932899
2022-07-31,006-5,126542340036.5688,66238158254.47856,0.09966906370932899
2022-08-31,006-5,126542340036.5688,67286611894.55428,0.09966906370932899
2022-09-30,006-5,126542340036.5688,62156659791.698364,0.09966906370932899
2022-10-31,006-5,126542340036.5688,69284412886.87334,0.09966906370932899
2022-11-30,006-5,126542340036.5688,64435901204.851776,0.09966906370932899
2022-12-31,006-5,126542340036.5688,60342632623.71394,0.09966906370932899
2023-01-31,006-5,126542340036.5688,60689628996.137794,0.09966906370932899
2023-02-28,006-5,126542340036.5688,65319239185.755196,0.09966906370932899
2023-03-31,006-5,126542340036.5688,58784997964.07436,0.09966906370932899
2023-04-30,006-5,126542340036.5688,71681032260.84073,0.09966906370932899
2023-05-31,006-5,126542340036.5688,68827813649.62189,0.09966906370932899
2023-06-30,006-5,126542340036.5688,71781019706.29135,0.09966906370932899
2023-07-31,006-5,126542340036.5688,71380813744.17397,0.09966906370932899
2023-08-31,006-5,126542340036.5688,63509893023.101616,0.09966906370932899
2023-09-30,006-5,126542340036.5688,61545615515.00673,0.09966906370932899
2023-10-31,006-5,126542340036.5688,54680276410.389656,0.09966906370932899
2023-11-30,006-5,126542340036.5688,63303650546.0014,0.09966906370932899
2023-12-31,006-5,126542340036.5688,71548720371.09328,0.09966906370932899
2024-01-31,006-5,126542340036.5688,61703080266.98606,0.09966906370932899
2024-02-29,006-5,126542340036.5688,64048908231.61539,0.09966906370932899
2024-03-31,006-5,126542340036.5688,62740526537.99299,0.09966906370932899
2024-04-30,006-5,126542340036.5688,66269407976.1981,0.09966906370932899
2024-05-31,006-5,126542340036.5688,69728150011.77142,0.09966906370932899
2024-06-30,006-5,126542340036.5688,59002565648.518745,0.09966906370932899
2024-07-31,006-5,126542340036.5688,59729303252.18275,0.09966906370932899
2024-08-31,006-5,126542340036.5688,70489436404.4523,0.09966906370932899
2024-09-30,006-5,126542340036.5688,67628744979.89407,0.09966906370932899
2024-10-31,006-5,126542340036.5688,63861146353.21033,0.09966906370932899
2024-11-30,006-5,126542340036.5688,71326372468.90903,0.09966906370932899
2024-12-31,006-5,126542340036.5688,59663806563.96261,0.09966906370932899
2025-01-31,006-5,126542340036.5688,68380963076.46939,0.09966906370932899
2025-02-28,006-5,126542340036.5688,64586774749.7417,0.09966906370932899
2025-03-31,006-5,126542340036.5688,67148429339.31616,0.09966906370932899
2025-04-30,006-5,126542340036.5688,55783550620.25422,0.09966906370932899
2025-05-31,006-5,126542340036.5688,63856124652.50851,0.09966906370932899
2025-06-30,006-5,126542340036.5688,67642904466.35635,0.09966906370932899
2025-07-31,006-5,126542340036.5688,64605406428.08005,0.09966906370932899
2025-08-31,006-5,126542340036.5688,69611274577.3887,0.09966906370932899
2025-09-30,006-5,126542340036.5688,69484126989.16106,0.09966906370932899
2025-10-31,006-5,126542340036.5688,61206858522.7208,0.09966906370932899
2025-11-30,006-5,126542340036.5688,67973923797.18232,0.09966906370932899
2025-12-31,006-5,126542340036.5688,61077409383.62392,0.09966906370932899
2026-01-31,006-5,126542340036.5688,65050882258.65623,0.09966906370932899
2026-02-28,006-5,126542340036.5688,67336665169.94581,0.09966906370932899
2026-03-31,006-5,126542340036.5688,61674865347.571754,0.09966906370932899
2022-04-30,007,287180361366.1058,97032232371.65396,0.07543596464341056
2022-05-31,007,287180361366.1058,96383131972.60374,0.07543596464341056
2022-06-30,007,287180361366.1058,107474168289.9837,0.07543596464341056
2022-07-31,007,287180361366.1058,94183829383.82547,0.07543596464341056
2022-08-31,007,287180361366.1058,93745627828.685,0.07543596464341056
2022-09-30,007,287180361366.1058,110356066780.03448,0.07543596464341056
2022-10-31,007,287180361366.1058,102321344209.16454,0.07543596464341056
2022-11-30,007,287180361366.1058,88858242881.68323,0.07543596464341056
2022-12-31,007,287180361366.1058,108757781752.96379,0.07543596464341056
2023-01-31,007,287180361366.1058,97883043081.3769,0.07543596464341056
2023-02-28,007,287180361366.1058,89298543409.90236,0.07543596464341056
2023-03-31,007,287180361366.1058,79784530816.68236,0.07543596464341056
2023-04-30,007,287180361366.1058,109169365074.15642,0.07543596464341056
2023-05-31,007,287180361366.1058,93977532316.4693,0.07543596464341056
2023-06-30,007,287180361366.1058,90669846018.45888,0.07543596464341056
2023-07-31,007,287180361366.1058,106894797822.267,0.07543596464341056
2023-08-31,007,287180361366.1058,108328305400.01665,0.07543596464341056
2023-09-30,007,287180361366.1058,94604864038.54167,0.07543596464341056
2023-10-31,007,287180361366.1058,109248853978.2956,0.07543596464341056
2023-11-30,007,287180361366.1058,119089826495.22183,0.07543596464341056
2023-12-31,007,287180361366.1058,112988137089.48245,0.07543596464341056
2024-01-31,007,287180361366.1058,111647525955.79398,0.07543596464341056
2024-02-29,007,287180361366.1058,104092431189.89334,0.07543596464341056
2024-03-31,007,287180361366.1058,97563265107.34874,0.07543596464341056
2024-04-30,007,287180361366.1058,100904598439.61774,0.07543596464341056
2024-05-31,007,287180361366.1058,105183249735.87268,0.07543596464341056
2024-06-30,007,287180361366.1058,90552097584.3428,0.07543596464341056
2024-07-31,007,287180361366.1058,94757538517.9552,0.07543596464341056
2024-08-31,007,287180361366.1058,89085425685.53677,0.07543596464341056
2024-09-30,007,287180361366.1058,103412309120.94786,0.07543596464341056
2024-10-31,007,287180361366.1058,102101623408.9969,0.07543596464341056
2024-11-30,007,287180361366.1058,95762726433.12225,0.07543596464341056
2024-12-31,007,287180361366.1058,108455017494.65091,0.07543596464341056
2025-01-31,007,287180361366.1058,92386418428.49046,0.07543596464341056
2025-02-28,007,287180361366.1058,95442870046.5944,0.07543596464341056
2025-03-31,007,287180361366.1058,108110636085.3939,0.07543596464341056
2025-04-30,007,287180361366.1058,109388209286.97917,0.07543596464341056
2025-05-31,007,287180361366.1058,94530571592.33208,0.07543596464341056
2025-06-30,007,287180361366.1058,103385222118.07909,0.07543596464341056
2025-07-31,007,287180361366.1058,94676335400.36035,0.07543596464341056
2025-08-31,007,287180361366.1058,99685918588.66774,0.07543596464341056
2025-09-30,007,287180361366.1058,102625297990.51636,0.07543596464341056
2025-10-31,007,287180361366.1058,106213864769.80354,0.07543596464341056
2025-11-30,007,287180361366.1058,104121981113.10466,0.07543596464341056
2025-12-31,007,287180361366.1058,103739485535.64296,0.07543596464341056
2026-01-31,007,287180361366.1058,92094373480.11018,0.07543596464341056
2026-02-28,007,287180361366.1058,104731242513.19453,0.07543596464341056
2026-03-31,007,287180361366.1058,106133734146.39099,0.07543596464341056
2022-04-30,002-7,86238746400.4833,25989664875.33153,0.10484776633371679
2022-05-31,002-7,86238746400.4833,30219949097.84865,0.10484776633371679
2022-06-30,002-7,86238746400.4833,24443279928.114716,0.10484776633371679
2022-07-31,002-7,86238746400.4833,26736583898.01426,0.10484776633371679
2022-08-31,002-7,86238746400.4833,27138367815.960323,0.10484776633371679
2022-09-30,002-7,86238746400.4833,24585123174.10732,0.10484776633371679
2022-10-31,002-7,86238746400.4833,27099063828.04441,0.10484776633371679
2022-11-30,002-7,86238746400.4833,28424187516.09599,0.10484776633371679
2022-12-31,002-7,86238746400.4833,23127611298.728672,0.10484776633371679
2023-01-31,002-7,86238746400.4833,26830057480.897217,0.10484776633371679
2023-02-28,002-7,86238746400.4833,23327783285.83937,0.10484776633371679
2023-03-31,002-7,86238746400.4833,33132972788.577934,0.10484776633371679
2023-04-30,002-7,86238746400.4833,28400929709.03913,0.10484776633371679
2023-05-31,002-7,86238746400.4833,28176721214.895836,0.10484776633371679
2023-06-30,002-7,86238746400.4833,28451592026.785164,0.10484776633371679
2023-07-31,002-7,86238746400.4833,29415173464.641495,0.10484776633371679
2023-08-31,002-7,86238746400.4833,30381825865.012615,0.10484776633371679
2023-09-30,002-7,86238746400.4833,23806012501.43832,0.10484776633371679
2023-10-31,002-7,86238746400.4833,31240822630.876553,0.10484776633371679
2023-11-30,002-7,86238746400.4833,31074332771.65598,0.10484776633371679
2023-12-31,002-7,86238746400.4833,27679530967.50588,0.10484776633371679
2024-01-31,002-7,86238746400.4833,27544010020.565437,0.10484776633371679
2024-02-29,002-7,86238746400.4833,19823834379.511383,0.10484776633371679
2024-03-31,002-7,86238746400.4833,24632773273.107773,0.10484776633371679
2024-04-30,002-7,86238746400.4833,29193527758.626118,0.10484776633371679
2024-05-31,002-7,86238746400.4833,30957372779.986816,0.10484776633371679
2024-06-30,002-7,86238746400.4833,29736799898.76631,0.10484776633371679
2024-07-31,002-7,86238746400.4833,27655293253.26364,0.10484776633371679
2024-08-31,002-7,86238746400.4833,32833725846.672215,0.10484776633371679
2024-09-30,002-7,86238746400.4833,30451732820.759445,0.10484776633371679
2024-10-31,002-7,86238746400.4833,26832287524.39556,0.10484776633371679
2024-11-30,002-7,86238746400.4833,33496655037.902245,0.10484776633371679
2024-12-31,002-7,86238746400.4833,25015217778.96269,0.10484776633371679
2025-01-31,002-7,86238746400.4833,24043290758.3253,0.10484776633371679
2025-02-28,002-7,86238746400.4833,26761712403.312412,0.10484776633371679
2025-03-31,002-7,86238746400.4833,25888455086.308094,0.10484776633371679
2025-04-30,002-7,86238746400.4833,26907043075.296497,0.10484776633371679
2025-05-31,002-7,86238746400.4833,29915970659.099762,0.10484776633371679
2025-06-30,002-7,86238746400.4833,27763269754.201744,0.10484776633371679
2025-07-31,002-7,86238746400.4833,27829715338.792942,0.10484776633371679
2025-08-31,002-7,86238746400.4833,28003343904.543053,0.10484776633371679
2025-09-30,002-7,86238746400.4833,21868818870.433376,0.10484776633371679
2025-10-31,002-7,86238746400.4833,23930955423.76372,0.10484776633371679
2025-11-30,002-7,86238746400.4833,26854317608.815617,0.10484776633371679
2025-12-31,002-7,86238746400.4833,25670386729.96141,0.10484776633371679
2026-01-31,002-7,86238746400.4833,27251508554.270153,0.10484776633371679
2026-02-28,002-7,86238746400.4833,31483888561.236443,0.10484776633371679
2026-03-31,002-7,86238746400.4833,27658567484.194073,0.10484776633371679
2022-04-30,002-8,204741696839.58862,65964114430.427124,0.08042031727074372
2022-05-31,002-8,204741696839.58862,81342318742.05757,0.08042031727074372
2022-06-30,002-8,204741696839.58862,80248494800.04646,0.08042031727074372
2022-07-31,002-8,204741696839.58862,74495561035.15295,0.08042031727074372
2022-08-31,002-8,204741696839.58862,61238369261.33891,0.08042031727074372
2022-09-30,002-8,204741696839.58862,72720005207.0172,0.08042031727074372
2022-10-31,002-8,204741696839.58862,73192296171.23398,0.08042031727074372
2022-11-30,002-8,204741696839.58862,70992406684.76134,0.08042031727074372
2022-12-31,002-8,204741696839.58862,67334381394.37414,0.08042031727074372
2023-01-31,002-8,204741696839.58862,68608161459.199615,0.08042031727074372
2023-02-28,002-8,204741696839.58862,66906242848.925865,0.08042031727074372
2023-03-31,002-8,204741696839.58862,63802200759.42017,0.08042031727074372
2023-04-30,002-8,204741696839.58862,79225772335.53786,0.08042031727074372
2023-05-31,002-8,204741696839.58862,76254925022.83841,0.08042031727074372
2023-06-30,002-8,204741696839.58862,69085424190.03575,0.08042031727074372
2023-07-31,002-8,204741696839.58862,72998699850.01709,0.08042031727074372
2023-08-31,002-8,204741696839.58862,73229172963.4114,0.08042031727074372
2023-09-30,002-8,204741696839.58862,85226110971.99968,0.08042031727074372
2023-10-31,002-8,204741696839.58862,76195068086.85059,0.08042031727074372
2023-11-30,002-8,204741696839.58862,75962896762.91356,0.08042031727074372
2023-12-31,002-8,204741696839.58862,71068821228.56276,0.08042031727074372
2024-01-31,002-8,204741696839.58862,68167191364.877594,0.08042031727074372
2024-02-29,002-8,204741696839.58862,79328485617.68077,0.08042031727074372
2024-03-31,002-8,204741696839.58862,74841951321.20728,0.08042031727074372
2024-04-30,002-8,204741696839.58862,65740277498.47593,0.08042031727074372
2024-05-31,002-8,204741696839.58862,73623294570.88597,0.08042031727074372
2024-06-30,002-8,204741696839.58862,75978967776.25198,0.08042031727074372
2024-07-31,002-8,204741696839.58862,57962412728.24755,0.08042031727074372
2024-08-31,002-8,204741696839.58862,65170001204.97139,0.08042031727074372
2024-09-30,002-8,204741696839.58862,73063724897.77156,0.08042031727074372
2024-10-31,002-8,204741696839.58862,59015008131.2169,0.08042031727074372
2024-11-30,002-8,204741696839.58862,59987511564.31862,0.08042031727074372
2024-12-31,002-8,204741696839.58862,69174288446.90242,0.08042031727074372
2025-01-31,002-8,204741696839.58862,73854720487.0234,0.08042031727074372
2025-02-28,002-8,204741696839.58862,74138734777.16628,0.08042031727074372
2025-03-31,002-8,204741696839.58862,80555027401.54536,0.08042031727074372
2025-04-30,002-8,204741696839.58862,71340817756.51123,0.08042031727074372
2025-05-31,002-8,204741696839.58862,68546604990.169044,0.08042031727074372
2025-06-30,002-8,204741696839.58862,62805401715.189865,0.08042031727074372
2025-07-31,002-8,204741696839.58862,68473052991.49857,0.08042031727074372
2025-08-31,002-8,204741696839.58862,75181354849.1474,0.08042031727074372
2025-09-30,002-8,204741696839.58862,75458940952.3813,0.08042031727074372
2025-10-31,002-8,204741696839.58862,72460888650.26564,0.08042031727074372
2025-11-30,002-8,204741696839.58862,74196049523.21336,0.08042031727074372
2025-12-31,002-8,204741696839.58862,78675400387.75026,0.08042031727074372
2026-01-31,002-8,204741696839.58862,71297870863.19641,0.08042031727074372
2026-02-28,002-8,204741696839.58862,79233947685.50922,0.08042031727074372
2026-03-31,002-8,204741696839.58862,66372285110.21954,0.08042031727074372
2022-04-30,002-9,493810299432.7683,144608200652.4045,0.0697998919039571
2022-05-31,002-9,493810299432.7683,163474791442.82043,0.0697998919039571
2022-06-30,002-9,493810299432.7683,136702526638.6062,0.0697998919039571
2022-07-31,002-9,493810299432.7683,146964679514.6773,0.0697998919039571
2022-08-31,002-9,493810299432.7683,124181590545.40605,0.0697998919039571
2022-09-30,002-9,493810299432.7683,160536683672.57037,0.0697998919039571
2022-10-31,002-9,493810299432.7683,170201749070.4184,0.0697998919039571
2022-11-30,002-9,493810299432.7683,165222921672.6616,0.0697998919039571
2022-12-31,002-9,493810299432.7683,163769929242.88788,0.0697998919039571
2023-01-31,002-9,493810299432.7683,164166549515.32776,0.0697998919039571
2023-02-28,002-9,493810299432.7683,162096893256.7872,0.0697998919039571
2023-03-31,002-9,493810299432.7683,160833259278.43976,0.0697998919039571
2023-04-30,002-9,493810299432.7683,161789046422.85834,0.0697998919039571
2023-05-31,002-9,493810299432.7683,142017935021.77148,0.0697998919039571
2023-06-30,002-9,493810299432.7683,148765685160.1721,0.0697998919039571
2023-07-31,002-9,493810299432.7683,152772018056.95062,0.0697998919039571
2023-08-31,002-9,493810299432.7683,146758173036.9727,0.0697998919039571
2023-09-30,002-9,493810299432.7683,128527617777.59863,0.0697998919039571
2023-10-31,002-9,493810299432.7683,133435607960.23483,0.0697998919039571
2023-11-30,002-9,493810299432.7683,155138349915.5063,0.0697998919039571
2023-12-31,002-9,493810299432.7683,165149856869.9912,0.0697998919039571
2024-01-31,002-9,493810299432.7683,151869806617.62534,0.0697998919039571
2024-02-29,002-9,493810299432.7683,192690338033.257,0.0697998919039571
2024-03-31,002-9,493810299432.7683,138105767857.58295,0.0697998919039571
2024-04-30,002-9,493810299432.7683,158322923060.95407,0.0697998919039571
2024-05-31,002-9,493810299432.7683,170859687122.63766,0.0697998919039571
2024-06-30,002-9,493810299432.7683,167518682837.88522,0.0697998919039571
2024-07-31,002-9,493810299432.7683,161435775583.68472,0.0697998919039571
2024-08-31,002-9,493810299432.7683,167586485747.60495,0.0697998919039571
2024-09-30,002-9,493810299432.7683,152552041670.95444,0.0697998919039571
2024-10-31,002-9,493810299432.7683,176365856658.7761,0.0697998919039571
2024-11-30,002-9,493810299432.7683,170740528164.7029,0.0697998919039571
2024-12-31,002-9,493810299432.7683,139106249688.09015,0.0697998919039571
2025-01-31,002-9,493810299432.7683,156495219475.9789,0.0697998919039571
2025-02-28,002-9,493810299432.7683,128809282330.70343,0.0697998919039571
2025-03-31,002-9,493810299432.7683,174275664745.25278,0.0697998919039571
2025-04-30,002-9,493810299432.7683,155053246539.9861,0.0697998919039571
2025-05-31,002-9,493810299432.7683,171712550348.708,0.0697998919039571
2025-06-30,002-9,493810299432.7683,150111356823.6038,0.0697998919039571
2025-07-31,002-9,493810299432.7683,124232092407.06406,0.0697998919039571
2025-08-31,002-9,493810299432.7683,190802190343.94354,0.0697998919039571
2025-09-30,002-9,493810299432.7683,153673398931.0046,0.0697998919039571
2025-10-31,002-9,493810299432.7683,136914013094.3241,0.0697998919039571
2025-11-30,002-9,493810299432.7683,168705089250.11484,0.0697998919039571
2025-12-31,002-9,493810299432.7683,181891231498.4513,0.0697998919039571
2026-01-31,002-9,493810299432.7683,148732431022.48526,0.0697998919039571
2026-02-28,002-9,493810299432.7683,150261204952.117,0.0697998919039571
2026-03-31,002-9,493810299432.7683,155257903162.09552,0.0697998919039571
2022-04-30,003-8,407397711515.1674,263669006047.03192,0.07764346010356783
2022-05-31,003-8,407397711515.1674,293888871775.31586,0.07764346010356783
2022-06-30,003-8,407397711515.1674,270494478190.9209,0.07764346010356783
2022-07-31,003-8,407397711515.1674,261873732315.02502,0.07764346010356783
2022-08-31,003-8,407397711515.1674,266585471175.73468,0.07764346010356783
2022-09-30,003-8,407397711515.1674,285222273650.68274,0.07764346010356783
2022-10-31,003-8,407397711515.1674,247961020122.6605,0.07764346010356783
2022-11-30,003-8,407397711515.1674,275222609760.94183,0.07764346010356783
2022-12-31,003-8,407397711515.1674,302203364657.7573,0.07764346010356783
2023-01-31,003-8,407397711515.1674,296933804187.402,0.07764346010356783
2023-02-28,003-8,407397711515.1674,279115941232.54565,0.07764346010356783
2023-03-31,003-8,407397711515.1674,288199767398.5451,0.07764346010356783
2023-04-30,003-8,407397711515.1674,288082237331.572,0.07764346010356783
2023-05-31,003-8,407397711515.1674,270572141652.0242,0.07764346010356783
2023-06-30,003-8,407397711515.1674,283413062571.77673,0.07764346010356783
2023-07-31,003-8,407397711515.1674,293970235059.6217,0.07764346010356783
2023-08-31,003-8,407397711515.1674,256664680825.91458,0.07764346010356783
2023-09-30,003-8,407397711515.1674,279158083633.2324,0.07764346010356783
2023-10-31,003-8,407397711515.1674,276528224307.9618,0.07764346010356783
2023-11-30,003-8,407397711515.1674,273371165451.0,0.07764346010356783
2023-12-31,003-8,407397711515.1674,272289143455.55527,0.07764346010356783
2024-01-31,003-8,407397711515.1674,274941750697.4263,0.07764346010356783
2024-02-29,003-8,407397711515.1674,275967197935.0067,0.07764346010356783
2024-03-31,003-8,407397711515.1674,285781935509.70575,0.07764346010356783
2024-04-30,003-8,407397711515.1674,277934225697.42114,0.07764346010356783
2024-05-31,003-8,407397711515.1674,269936300670.25803,0.07764346010356783
2024-06-30,003-8,407397711515.1674,261844833809.32605,0.07764346010356783
2024-07-31,003-8,407397711515.1674,266336136180.79996,0.07764346010356783
2024-08-31,003-8,407397711515.1674,275302250377.5035,0.07764346010356783
2024-09-30,003-8,407397711515.1674,263480748114.92334,0.07764346010356783
2024-10-31,003-8,407397711515.1674,283670741037.8649,0.07764346010356783
2024-11-30,003-8,407397711515.1674,277366400602.41956,0.07764346010356783
2024-12-31,003-8,407397711515.1674,286086409817.93805,0.07764346010356783
2025-01-31,003-8,407397711515.1674,264302691537.53986,0.07764346010356783
2025-02-28,003-8,407397711515.1674,261953044257.5974,0.07764346010356783
2025-03-31,003-8,407397711515.1674,285995109622.30743,0.07764346010356783
2025-04-30,003-8,407397711515.1674,273698584534.81702,0.07764346010356783
2025-05-31,003-8,407397711515.1674,269635145752.63837,0.07764346010356783
2025-06-30,003-8,407397711515.1674,280649276810.0011,0.07764346010356783
2025-07-31,003-8,407397711515.1674,280194483381.5875,0.07764346010356783
2025-08-31,003-8,407397711515.1674,256762438021.8896,0.07764346010356783
2025-09-30,003-8,407397711515.1674,289033333830.5332,0.07764346010356783
2025-10-31,003-8,407397711515.1674,267094330712.23517,0.07764346010356783
2025-11-30,003-8,407397711515.1674,292887800063.89197,0.07764346010356783
2025-12-31,003-8,407397711515.1674,255811756597.55414,0.07764346010356783
2026-01-31,003-8,407397711515.1674,275989523549.1545,0.07764346010356783
2026-02-28,003-8,407397711515.1674,269841646624.22498,0.07764346010356783
2026-03-31,003-8,407397711515.1674,247969113591.8153,0.07764346010356783
2022-04-30,003-9,392266135813.9826,188317082126.66354,0.08794136974402789
2022-05-31,003-9,392266135813.9826,207525611442.68884,0.08794136974402789
2022-06-30,003-9,392266135813.9826,223953038653.1208,0.08794136974402789
2022-07-31,003-9,392266135813.9826,204720487477.90732,0.08794136974402789
2022-08-31,003-9,392266135813.9826,200322813315.04108,0.08794136974402789
2022-09-30,003-9,392266135813.9826,220376524617.01703,0.08794136974402789
2022-10-31,003-9,392266135813.9826,208021617972.67456,0.08794136974402789
2022-11-30,003-9,392266135813.9826,206191206381.2857,0.08794136974402789
2022-12-31,003-9,392266135813.9826,225962033583.91797,0.08794136974402789
2023-01-31,003-9,392266135813.9826,197221424851.87717,0.08794136974402789
2023-02-28,003-9,392266135813.9826,205549291554.72116,0.08794136974402789
2023-03-31,003-9,392266135813.9826,221154277045.18213,0.08794136974402789
2023-04-30,003-9,392266135813.9826,196460405557.4255,0.08794136974402789
2023-05-31,003-9,392266135813.9826,231850199519.9261,0.08794136974402789
2023-06-30,003-9,392266135813.9826,208406084666.74103,0.08794136974402789
2023-07-31,003-9,392266135813.9826,221249366714.68918,0.08794136974402789
2023-08-31,003-9,392266135813.9826,221224745698.51733,0.08794136974402789
2023-09-30,003-9,392266135813.9826,209165820553.66846,0.08794136974402789
2023-10-31,003-9,392266135813.9826,205320935513.92038,0.08794136974402789
2023-11-30,003-9,392266135813.9826,210452336136.74335,0.08794136974402789
2023-12-31,003-9,392266135813.9826,219344799292.14105,0.08794136974402789
2024-01-31,003-9,392266135813.9826,199349710563.24164,0.08794136974402789
2024-02-29,003-9,392266135813.9826,196798014507.98862,0.08794136974402789
2024-03-31,003-9,392266135813.9826,228424016410.39142,0.08794136974402789
2024-04-30,003-9,392266135813.9826,202310179651.72397,0.08794136974402789
2024-05-31,003-9,392266135813.9826,215124795902.3036,0.08794136974402789
2024-06-30,003-9,392266135813.9826,208578406507.47946,0.08794136974402789
2024-07-31,003-9,392266135813.9826,209100182418.80914,0.08794136974402789
2024-08-31,003-9,392266135813.9826,227790745879.08783,0.08794136974402789
2024-09-30,003-9,392266135813.9826,209955672772.42294,0.08794136974402789
2024-10-31,003-9,392266135813.9826,206758818223.38,0.08794136974402789
2024-11-30,003-9,392266135813.9826,207783933105.27988,0.08794136974402789
2024-12-31,003-9,392266135813.9826,205033251759.7482,0.08794136974402789
2025-01-31,003-9,392266135813.9826,203072325818.35648,0.08794136974402789
2025-02-28,003-9,392266135813.9826,205080459688.77188,0.08794136974402789
2025-03-31,003-9,392266135813.9826,230530572538.47134,0.08794136974402789
2025-04-30,003-9,392266135813.9826,219330731603.5592,0.08794136974402789
2025-05-31,003-9,392266135813.9826,206895674928.05954,0.08794136974402789
2025-06-30,003-9,392266135813.9826,222510050292.3432,0.08794136974402789
2025-07-31,003-9,392266135813.9826,192279871039.84082,0.08794136974402789
2025-08-31,003-9,392266135813.9826,227146903352.09836,0.08794136974402789
2025-09-30,003-9,392266135813.9826,226199314890.80048,0.08794136974402789
2025-10-31,003-9,392266135813.9826,237275085479.6975,0.08794136974402789
2025-11-30,003-9,392266135813.9826,222861863643.11847,0.08794136974402789
2025-12-31,003-9,392266135813.9826,216103311566.57614,0.08794136974402789
2026-01-31,003-9,392266135813.9826,226152061904.55295,0.08794136974402789
2026-02-28,003-9,392266135813.9826,203593426995.55875,0.08794136974402789
2026-03-31,003-9,392266135813.9826,206304687440.471,0.08794136974402789
2022-04-30,006-6,110801614748.24425,69235420070.99347,0.08065784952809679
2022-05-31,006-6,110801614748.24425,61840210444.81893,0.08065784952809679
2022-06-30,006-6,110801614748.24425,61487251862.96445,0.08065784952809679
2022-07-31,006-6,110801614748.24425,65471455580.75262,0.08065784952809679
2022-08-31,006-6,110801614748.24425,67070297681.52259,0.08065784952809679
2022-09-30,006-6,110801614748.24425,62348117656.94052,0.08065784952809679
2022-10-31,006-6,110801614748.24425,66913693302.00938,0.08065784952809679
2022-11-30,006-6,110801614748.24425,69233817251.8977,0.08065784952809679
2022-12-31,006-6,110801614748.24425,68675584372.750694,0.08065784952809679
2023-01-31,006-6,110801614748.24425,65859553827.26331,0.08065784952809679
2023-02-28,006-6,110801614748.24425,64384040244.22547,0.08065784952809679
2023-03-31,006-6,110801614748.24425,70454488593.05766,0.08065784952809679
2023-04-30,006-6,110801614748.24425,64736395174.20588,0.08065784952809679
2023-05-31,006-6,110801614748.24425,67810975858.98918,0.08065784952809679
2023-06-30,006-6,110801614748.24425,71194614051.06937,0.08065784952809679
2023-07-31,006-6,110801614748.24425,67461663109.428955,0.08065784952809679
2023-08-31,006-6,110801614748.24425,61370811990.58666,0.08065784952809679
2023-09-30,006-6,110801614748.24425,60566619803.94454,0.08065784952809679
2023-10-31,006-6,110801614748.24425,63695856940.12185,0.08065784952809679
2023-11-30,006-6,110801614748.24425,67043601006.55816,0.08065784952809679
2023-12-31,006-6,110801614748.24425,66163681318.21454,0.08065784952809679
2024-01-31,006-6,110801614748.24425,72021639252.36705,0.08065784952809679
2024-02-29,006-6,110801614748.24425,66131339726.019325,0.08065784952809679
2024-03-31,006-6,110801614748.24425,63596761083.7761,0.08065784952809679
2024-04-30,006-6,110801614748.24425,60917907497.706696,0.08065784952809679
2024-05-31,006-6,110801614748.24425,68609022577.71538,0.08065784952809679
2024-06-30,006-6,110801614748.24425,64665043730.8001,0.08065784952809679
2024-07-31,006-6,110801614748.24425,59678709999.60712,0.08065784952809679
2024-08-31,006-6,110801614748.24425,64759186872.757545,0.08065784952809679
2024-09-30,006-6,110801614748.24425,61375309832.93194,0.08065784952809679
2024-10-31,006-6,110801614748.24425,63270351846.98364,0.08065784952809679
2024-11-30,006-6,110801614748.24425,64705773979.95902,0.08065784952809679
2024-12-31,006-6,110801614748.24425,61676335868.60367,0.08065784952809679
2025-01-31,006-6,110801614748.24425,63064305190.99005,0.08065784952809679
2025-02-28,006-6,110801614748.24425,62211701174.73057,0.08065784952809679
2025-03-31,006-6,110801614748.24425,62300887514.49653,0.08065784952809679
2025-04-30,006-6,110801614748.24425,61334482520.38299,0.08065784952809679
2025-05-31,006-6,110801614748.24425,63080458751.27133,0.08065784952809679
2025-06-30,006-6,110801614748.24425,61711170588.47035,0.08065784952809679
2025-07-31,006-6,110801614748.24425,66635025567.38296,0.08065784952809679
2025-08-31,006-6,110801614748.24425,65352660655.489815,0.08065784952809679
2025-09-30,006-6,110801614748.24425,68656482833.10784,0.08065784952809679
2025-10-31,006-6,110801614748.24425,70956685016.6533,0.08065784952809679
2025-11-30,006-6,110801614748.24425,66936652707.86638,0.08065784952809679
2025-12-31,006-6,110801614748.24425,66179640599.28599,0.08065784952809679
2026-01-31,006-6,110801614748.24425,67146108507.16665,0.08065784952809679
2026-02-28,006-6,110801614748.24425,66236155380.72848,0.08065784952809679
2026-03-31,006-6,110801614748.24425,64852056606.28625,0.08065784952809679
